message,label
"üéÅ –ü—Ä–∏–≥–ª–∞—à–∞–µ–º –Ω–∞ –±–µ—Å–ø–ª–∞—Ç–Ω—ã–π —É—Ä–æ–∫ –ø–æ C# –¥–ª—è —Ä–∞–∑—Ä–∞–±–æ—Ç—á–∏–∫–æ–≤ —Å –æ–ø—ã—Ç–æ–º. –ó–∞–Ω—è—Ç–∏–µ –ø—Ä–∏—É—Ä–æ—á–µ–Ω–æ –∫ —Å—Ç–∞—Ä—Ç—É –æ–Ω–ª–∞–π–Ω-–∫—É—Ä—Å–∞ ¬´C# Developer. Professional¬ª –≤ OTUS.

üìÜ 28 –º–∞—Ä—Ç–∞ –≤ 20:00
–¢–µ–º–∞: –ü–∏—à–µ–º —Å –Ω—É–ª—è Event Loop –Ω–∞ –±–ª–æ–∫–∏—Ä—É—é—â–∏—Ö –æ—á–µ—Ä–µ–¥—è—Ö

üîÑ –ß—Ç–æ –±—É–¥–µ—Ç –Ω–∞ –∑–∞–Ω—è—Ç–∏–∏?
‚Äî –†–∞–∑—Ä–∞–±–æ—Ç–∞–µ–º –º–Ω–æ–≥–æ–ø–æ—Ç–æ—á–Ω—ã–π —Å–µ—Ä–≤–µ—Ä –ø—Ä–∏–ª–æ–∂–µ–Ω–∏–π —Å –º–∏–Ω–∏–º—É–º –ø—Ä–∏–º–∏—Ç–∏–≤–æ–≤ —Å–∏–Ω—Ö—Ä–æ–Ω–∏–∑–∞—Ü–∏–∏. 
‚Äî –†–∞—Å—Å–º–æ—Ç—Ä–∏–º –≤–æ–ø—Ä–æ—Å—ã —Å–∏–Ω—Ö—Ä–æ–Ω–∏–∑–∞—Ü–∏–∏, –º–∞—Å—à—Ç–∞–±–∏—Ä—É–µ–º–æ—Å—Ç–∏ –ø—Ä–∏–ª–æ–∂–µ–Ω–∏—è, –æ–±—Ä–∞–±–æ—Ç–∫—É –≤—Ö–æ–¥—è—â–∏—Ö —Å–æ–æ–±—â–µ–Ω–∏–π, –≤–æ–ø—Ä–æ—Å—ã —Ä–µ–∞–ª–∏–∑–∞—Ü–∏–∏ –¥–ª–∏—Ç–µ–ª—å–Ω—ã—Ö –æ–ø–µ—Ä–∞—Ü–∏–π.

üëç –°–ø–∏–∫–µ—Ä–æ–º –≤—ã—Å—Ç—É–ø–∏—Ç –ï–≤–≥–µ–Ω–∏–π –¢—é–º–µ–Ω—Ü–µ–≤, –¥–∏—Ä–µ–∫—Ç–æ—Ä –∫–æ–º–ø–∞–Ω–∏–∏ –ø–æ —Ä–∞–∑—Ä–∞–±–æ—Ç–∫–µ –ø—Ä–æ–≥—Ä–∞–º–º–Ω–æ–≥–æ –æ–±–µ—Å–ø–µ—á–µ–Ω–∏—è. –≠—Ç–æ—Ç –≤–µ–±–∏–Ω–∞—Ä ‚Äî –ª–∏—à—å —á–∞—Å—Ç—å –∫—É—Ä—Å–∞ ¬´C# Developer. Professional¬ª, –ø—Ä–æ–¥–æ–ª–∂–∏—Ç—å –æ–±—É—á–µ–Ω–∏–µ –º–æ–∂–Ω–æ –≤ —Ä–∞—Å—Å—Ä–æ—á–∫—É. 

üëâ –î–ª—è —Ä–µ–≥–∏—Å—Ç—Ä–∞—Ü–∏–∏ –Ω–∞ —É—Ä–æ–∫ –ø—Ä–æ–π–¥–∏—Ç–µ –≤—Å—Ç—É–ø–∏—Ç–µ–ª—å–Ω—ã–π —Ç–µ—Å—Ç

–†–µ–∫–ª–∞–º–∞. –ò–Ω—Ñ–æ—Ä–º–∞—Ü–∏—è –æ —Ä–µ–∫–ª–∞–º–æ–¥–∞—Ç–µ–ª–µ –Ω–∞ —Å–∞–π—Ç–µ www.otus.ru","Advertisement"
"–†–∞–∑—Ä–∞–±–æ—Ç—á–∏–∫—É, –∫–æ–Ω–µ—á–Ω–æ, –Ω–µ –Ω—É–∂–Ω–æ –±—ã—Ç—å —ç–∫—Å–ø–µ—Ä—Ç–æ–º –ø–æ K8s, —á—Ç–æ–±—ã –∑–∞–ø—É—Å—Ç–∏—Ç—å –≤ –Ω–µ–º –ò–¢-–ø—Ä–æ–µ–∫—Ç, –Ω–æ –∞–∑—ã –ø–æ–º–æ–≥—É—Ç –ø–æ–Ω—è—Ç—å, –∫–∞–∫ –∂–∏–≤–µ—Ç –ø—Ä–∏–ª–æ–∂–µ–Ω–∏–µ –≤ –∫–æ–Ω—Ç–µ–π–Ω–µ—Ä–∏–∑–∏—Ä–æ–≤–∞–Ω–Ω–æ–π —Å—Ä–µ–¥–µ.

–ü–æ—ç—Ç–æ–º—É –ø—Ä–∏–≥–ª–∞—à–∞–µ–º –≤–∞c –Ω–∞ –≤–µ–±–∏–Ω–∞—Ä ¬´–û—Å–Ω–æ–≤—ã Kubernetes: —Å–µ–∫—Ä–µ—Ç—ã –æ—Ç #CloudMTS¬ª, –≥–¥–µ –≤—ã —É–∑–Ω–∞–µ—Ç–µ: 
‚Ä¢ –ß—Ç–æ —Ç–∞–∫–æ–µ cloud-native –∏ –º–∏–∫—Ä–æ—Å–µ—Ä–≤–∏—Å–Ω–∞—è –∞—Ä—Ö–∏—Ç–µ–∫—Ç—É—Ä–∞.
‚Ä¢ –ö–∞–∫ —É—Å—Ç—Ä–æ–µ–Ω–∞ –æ—Ä–∫–µ—Å—Ç—Ä–∞—Ü–∏—è –∫–æ–Ω—Ç–µ–π–Ω–µ—Ä–æ–≤ –∏ –∫–∞–∫–∏–µ —Å –Ω–µ–π –±—ã–≤–∞—é—Ç —Å–ª–æ–∂–Ω–æ—Å—Ç–∏.
‚Ä¢ –ö–∞–∫ —Å–µ—Ä–≤–∏—Å –¥–ª—è —É–ø—Ä–∞–≤–ª–µ–Ω–∏—è –∫–ª–∞—Å—Ç–µ—Ä–∞–º–∏ Kubernetes –≤ –æ–±–ª–∞–∫–µ #–°loudMTS —Ä–µ—à–∞–µ—Ç —ç—Ç–∏ —Å–ª–æ–∂–Ω–æ—Å—Ç–∏.

13 –º–∞—Ä—Ç–∞ –≤ 11:00 –º—Å–∫, online 
–ó–∞—Ä–µ–≥–∏—Å—Ç—Ä–∏—Ä–æ–≤–∞—Ç—å—Å—è ‚Üí http://bit.ly/3YvUOVM

–†–µ–∫–ª–∞–º–∞. –†–µ–∫–ª–∞–º–æ–¥–∞—Ç–µ–ª—å –ü–ê–û ¬´–ú–¢–°¬ª, –ò–ù–ù 7740000076","Advertisement"
"Weekend Offer –¥–ª—è –±—ç–∫–µ–Ω–¥-—Ä–∞–∑—Ä–∞–±–æ—Ç—á–∏–∫–æ–≤ 1‚Äì2 –∞–ø—Ä–µ–ª—è
 
–£—Å—Ç—Ä–æ–π—Ç–µ—Å—å –≤ –Ø–Ω–¥–µ–∫—Å –∑–∞ –¥–≤–∞ –¥–Ω—è —Å Weekend Offer Backend. –†–µ—à–∏—Ç–µ —Ç–µ—Å—Ç–æ–≤–æ–µ, 1 –∞–ø—Ä–µ–ª—è –ø—Ä–æ–π–¥–∏—Ç–µ –¥–≤–µ —Å–µ–∫—Ü–∏–∏, –∞ —É–∂–µ 2 –∞–ø—Ä–µ–ª—è –ø–æ–ª—É—á–∏—Ç–µ –æ—Ñ–µ—Ä.

–í –º–µ—Ä–æ–ø—Ä–∏—è—Ç–∏–∏ —É—á–∞—Å—Ç–≤—É—é—Ç —Ä–∞–∑–Ω—ã–µ –∫–æ–º–∞–Ω–¥—ã –∏ —Å–µ—Ä–≤–∏—Å—ã: –º–æ–∂–Ω–æ –ø–æ–æ–±—â–∞—Ç—å—Å—è —Å –∫–æ–º–∞–Ω–¥–∞–º–∏ –∏ –≤—ã–±—Ä–∞—Ç—å —Ç–æ, —á—Ç–æ –≤–∞–º –±–æ–ª—å—à–µ –ø–æ–¥—Ö–æ–¥–∏—Ç. –†–∞–±–æ—Ç–∞—Ç—å –º–æ–∂–Ω–æ –≤ —Å–º–µ—à–∞–Ω–Ω–æ–º —Ä–µ–∂–∏–º–µ –∏–∑ –ª—é–±–æ–≥–æ –æ—Ñ–∏—Å–∞ –∏–ª–∏ –∫–æ–≤–æ—Ä–∫–∏–Ω–≥–∞ –≤ 20 –≥–æ—Ä–æ–¥–∞—Ö –†–æ—Å—Å–∏–∏ –∏ –º–∏—Ä–∞. –£—Å–ª–æ–≤–∏—è —Ä–∞–±–æ—Ç—ã –æ–±—Å—É–∂–¥–∞—é—Ç—Å—è —Å –∫–∞–∂–¥—ã–º —Ä–∞–∑—Ä–∞–±–æ—Ç—á–∏–∫–æ–º –∏–Ω–¥–∏–≤–∏–¥—É–∞–ª—å–Ω–æ.

–ò—â–µ–º –∏–Ω–∂–µ–Ω–µ—Ä–æ–≤ —Å –æ–ø—ã—Ç–æ–º –∫–æ–º–º–µ—Ä—á–µ—Å–∫–æ–π —Ä–∞–∑—Ä–∞–±–æ—Ç–∫–∏ –æ—Ç —Ç—Ä—ë—Ö –ª–µ—Ç –Ω–∞  Java, Python, Go, C++ –∏–ª–∏ Scala. –ñ–¥—ë–º –∏ —Ç–µ—Ö, –∫—Ç–æ –≥–æ—Ç–æ–≤ —Ä–∞–±–æ—Ç–∞—Ç—å –Ω–∞ —ç—Ç–∏—Ö —è–∑—ã–∫–∞—Ö.

–ó–∞—Ä–µ–≥–∏—Å—Ç—Ä–∏—Ä–æ–≤–∞—Ç—å—Å—è","Advertisement"
"üìç –ù–∞—á–Ω–∏ –∏–∑—É—á–∞—Ç—å C# —Å 0 –∏ –ø—Ä–∞–∫—Ç–∏–∫–æ–π –≤ –∫–æ–º–∞–Ω–¥–µ —Ä–∞–∑—Ä–∞–±–æ—Ç—á–∏–∫–æ–≤!

üëâ –ü—Ä–∏–≥–ª–∞—à–∞–µ–º –≤–∞—Å –Ω–∞ –±–µ—Å–ø–ª–∞—Ç–Ω—ã–π —É—Ä–æ–∫ –¥–ª—è –Ω–æ–≤–∏—á–∫–æ–≤ –ø–æ C#.
–¢–µ–º–∞ —É—Ä–æ–∫–∞: –ö–∞–∫ –≤—ã—É—á–∏—Ç—å C# —Å –Ω—É–ª—è
–ù–∞ –æ—Ç–∫—Ä—ã—Ç–æ–º —É—Ä–æ–∫–µ –º—ã —Ä–∞–∑–±–µ—Ä–µ–º—Å—è, –∫–∞–∫ –º–æ–∂–Ω–æ –∏–∑—É—á–∏—Ç—å –°# —Å –Ω—É–ª—è –∏ –∫–∞–∫–∏–µ –∞–∫—Ç—É–∞–ª—å–Ω—ã–µ —Ä–µ—Å—É—Ä—Å—ã –ª—É—á—à–µ –≤—Å–µ–≥–æ –∏—Å–ø–æ–ª—å–∑–æ–≤–∞—Ç—å –Ω–æ–≤–∏—á–∫—É.

üìå  –ü—Ä–æ–¥–æ–ª–∂–∏—Ç—å –∏–∑—É—á–∞—Ç—å C#-—Ä–∞–∑—Ä–∞–±–æ—Ç–∫—É –≤—ã —Å–º–æ–∂–µ—Ç–µ –Ω–∞ –∫—É—Ä—Å–µ, –∫–æ—Ç–æ—Ä—ã–π –¥–æ—Å—Ç—É–ø–µ–Ω –≤ —Ä–∞—Å—Å—Ä–æ—á–∫—É –¥–æ 12400 ‚ÇΩ –≤ –º–µ—Å—è—Ü

üëâ–î–ª—è —É—á–∞—Å—Ç–∏—è –∑–∞—Ä–µ–≥–∏—Å—Ç—Ä–∏—Ä—É–π—Ç–µ—Å—å –ø–æ —Å—Å—ã–ª–∫–µ https://otus.pw/TcHHQ/
–†–µ–∫–ª–∞–º–∞. –ò–Ω—Ñ–æ—Ä–º–∞—Ü–∏—è –æ —Ä–µ–∫–ª–∞–º–æ–¥–∞—Ç–µ–ª–µ –Ω–∞ —Å–∞–π—Ç–µ www.otus.ru","Advertisement"
"üë®‚Äçüíª–ö–æ–¥–∏—Ç–µ –Ω–∞ C# –∏ –∂–¥–µ—Ç–µ —Ä–æ—Å—Ç–∞?

–ù–∞—É—á–∏—Ç—å—Å—è —Ä–∞–∑—Ä–∞–±–∞—Ç—ã–≤–∞—Ç—å –Ω–∞ C# —Å–ª–æ–∂–Ω—ã–µ –∫–ª–∏–µ–Ω—Ç-—Å–µ—Ä–≤–µ—Ä–Ω—ã–µ –ø—Ä–∏–ª–æ–∂–µ–Ω–∏—è. –í OTUS —Å—Ç–∞—Ä—Ç—É–µ—Ç –Ω–æ–≤—ã–π –ø–æ—Ç–æ–∫ –æ–Ω–ª–∞–π–Ω-–∫—É—Ä—Å–∞ ¬´C# Developer. Professional¬ª.

–ü–æ—á–µ–º—É —Å—Ç–æ–∏—Ç –ø—Ä–æ–π—Ç–∏ –∫—É—Ä—Å?
–ó–∞ 6 –º–µ—Å—è—Ü–µ–≤ –æ–±—É—á–µ–Ω–∏—è –≤—ã –Ω–∞—É—á–∏—Ç–µ—Å—å —Ä–∞–∑—Ä–∞–±–∞—Ç—ã–≤–∞—Ç—å —Å–ª–æ–∂–Ω—ã–µ –∫–ª–∏–µ–Ω—Ç-—Å–µ—Ä–≤–µ—Ä–Ω—ã–µ –ø—Ä–∏–ª–æ–∂–µ–Ω–∏—è —É—Ä–æ–≤–Ω—è –∫—Ä–µ–ø–∫–æ–≥–æ Middle. 

–†–µ–∑—É–ª—å—Ç–∞—Ç –æ–±—É—á–µ–Ω–∏—è ‚Äî –ø–æ–ª–Ω–æ—Å—Ç—å—é —Ä–µ–∞–ª–∏–∑–æ–≤–∞–Ω–Ω—ã–π –ø—Ä–æ–µ–∫—Ç –ø–æ —Ç—Ä—ë—Ö–∑–≤–µ–Ω–Ω–æ–π –∞—Ä—Ö–∏—Ç–µ–∫—Ç—É—Ä–µ, –∫–æ—Ç–æ—Ä—ã–π –≤—ã –≤—ã–ø–æ–ª–Ω–∏—Ç–µ –≤ Scrum-–∫–æ–º–∞–Ω–¥–µ.

–ü—Ä–æ–π–¥–∏—Ç–µ –≤—Å—Ç—É–ø–∏—Ç–µ–ª—å–Ω—ã–π —Ç–µ—Å—Ç –∏ –ø–æ–ª—É—á–∏—Ç–µ: 
‚úîÔ∏è –ó–∞–ø–∏—Å—å –º–∞—Å—Ç–µ—Ä-–∫–ª–∞—Å—Å–∞ –æ –∑–∞–Ω—è—Ç–∏—è—Ö –Ω–∞ –∫—É—Ä—Å–µ
‚úîÔ∏è –î–æ—Å—Ç—É–ø –∫ –∑–∞–ø–∏—Å—è–º –≤—Å–µ—Ö –æ—Ç–∫—Ä—ã—Ç—ã—Ö —É—Ä–æ–∫–æ–≤
‚úîÔ∏è –ü—Ä–∏–≥–ª–∞—à–µ–Ω–∏—è –Ω–∞ –±–ª–∏–∂–∞–π—à–∏–µ –º–µ—Ä–æ–ø—Ä–∏—è—Ç–∏—è
‚úîÔ∏è –°–∫–∏–¥–∫—É –Ω–∞ –ø—Ä–æ—Ö–æ–∂–¥–µ–Ω–∏–µ –æ–Ω–ª–∞–π–Ω –∫—É—Ä—Å–∞ ¬´C# Developer. Professional¬ª-

üëâ –ù–µ –≤—Ä–µ–º—è —Å—Ç–æ—è—Ç—å –Ω–∞ –º–µ—Å—Ç–µ! –ü—Ä–æ–π–¥–∏—Ç–µ –≤—Å—Ç—É–ø–∏—Ç–µ–ª—å–Ω—ã–π —Ç–µ—Å—Ç, —á—Ç–æ–±—ã –ø–æ–Ω—è—Ç—å, –ø–æ–¥—Ö–æ–¥–∏—Ç –ª–∏ –≤–∞–º –∫—É—Ä—Å https://otus.pw/NWeO/

–†–µ–∫–ª–∞–º–∞. –ò–Ω—Ñ–æ—Ä–º–∞—Ü–∏—è –æ —Ä–µ–∫–ª–∞–º–æ–¥–∞—Ç–µ–ª–µ –Ω–∞ —Å–∞–π—Ç–µ www.otus.ru","Advertisement"
"31 –º–∞—Ä—Ç–∞ –ú–¢–° —Å–æ–±–∏—Ä–∞–µ—Ç –∫—Ä—É–ø–Ω–µ–π—à—É—é –≤ –†–æ—Å—Å–∏–∏ IT-–∫–æ–Ω—Ñ–µ—Ä–µ–Ω—Ü–∏—é TRUE TECH DAY. –ü–æ—á–µ–º—É —Å–µ–π—á–∞—Å? –ü–æ—Ç–æ–º—É —á—Ç–æ –¥–∞–≤–Ω–æ –ø–æ—Ä–∞ –ø–æ–∫–∞–∑–∞—Ç—å, —á—Ç–æ —Å–∫—Ä—ã–≤–∞—é—Ç ¬´–ø–æ–¥ –∫–∞–ø–æ—Ç–æ–º¬ª —Ç–æ–ø–æ–≤—ã–µ –ø—Ä–æ–¥—É–∫—Ç—ã –ø—Ä–æ–¥–≤–∏–Ω—É—Ç—ã—Ö —Ç–µ—Ö–Ω–æ–ª–æ–≥–∏—á–Ω—ã—Ö –∫–æ–º–ø–∞–Ω–∏–π. –ö–∞–∂–¥—ã–π —É—á–∞—Å—Ç–Ω–∏–∫ –∫–æ–Ω—Ñ–µ—Ä–µ–Ω—Ü–∏–∏ –ø—Ä–æ—Ç–µ—Å—Ç–∏—Ç –Ω–∞ —Å–µ–±–µ true-—Ç–µ—Ö–Ω–æ–ª–æ–≥–∏–∏ –∏ –∏—Å–ø—ã—Ç–∞–µ—Ç –Ω–æ–≤—ã–µ –≤–ø–µ—á–∞—Ç–ª–µ–Ω–∏—è, –º–µ–Ω—è—é—â–∏–µ –º–∏—Ä –ø–æ–ª—å–∑–æ–≤–∞—Ç–µ–ª–µ–π. 

–ß—Ç–æ –±—É–¥–µ—Ç: 
‚Üí 7 —Ç—Ä–µ–∫–æ–≤: AI, Main Track, Big Data, Architecture, Cybersecurity, Leading Change, Product Manager.
‚Üí 50+ –º–∏—Ä–æ–≤—ã—Ö —Å–ø–∏–∫–µ—Ä–æ–≤ —Å —Ç–æ–ø–æ–≤—ã–º–∏ —Ç–µ–º–∞–º–∏ –±–µ–∑ –≤–æ–¥—ã –∏ –ª–∏—Ä–∏–∫–∏
‚Üí 10 —á–∞—Å–æ–≤ –Ω–µ—Ç–≤–æ—Ä–∫–∏–Ω–≥–∞ –∏ –æ–±–º–µ–Ω–∞ –æ–ø—ã—Ç–æ–º –≤ –ú–æ—Å–∫–≤–µ, –î—É–±–∞–µ, –¢–±–∏–ª–∏—Å–∏ –∏ –ê—Å—Ç–∞–Ω–µ
‚Üí –º–Ω–æ–≥–æ –∏–Ω—Ç–µ—Ä–∞–∫—Ç–∏–≤–Ω—ã—Ö –∏ —Ü–∏—Ñ—Ä–æ–≤—ã—Ö –∑–æ–Ω 
‚Üí –∞ –ø–æ—Å–ª–µ ‚Äî –≥—Ä–∞–Ω–¥–∏–æ–∑–Ω–∞—è –≤–µ—á–µ—Ä–∏–Ω–∫–∞ —Å–æ –∑–≤–µ–∑–¥–Ω—ã–º –ª–∞–π–Ω-–∞–ø–æ–º 

–í—Å–µ —Å–ø–∏–∫–µ—Ä—ã –∏ —Ç–µ–º—ã —É–∂–µ –Ω–∞ —Å–∞–π—Ç–µ. 
–†–µ–≥–∏—Å—Ç—Ä–∏—Ä—É–π—Å—è –Ω–∞ True Tech Day –ø–æ —Å—Å—ã–ª–∫–µ.
–£—á–∞—Å—Ç–∏–µ –±–µ—Å–ø–ª–∞—Ç–Ω–æ","Advertisement"
"–ï—Å–ª–∏ –≤–∞–º –Ω—É–∂–µ–Ω –∞–Ω–≥–ª–∏–π—Å–∫–∏–π –¥–ª—è —Ä–∞–±–æ—Ç—ã –≤ IT, —Ç–æ –∏ –∏–∑—É—á–∞—Ç—å –µ–≥–æ –ª—É—á—à–µ —Å —Ç–µ–º–∏, –∫—Ç–æ —Ä–∞–∑–±–∏—Ä–∞–µ—Ç—Å—è –≤ —Ç–µ–º–µ. –ù–µ –Ω–∞–¥–æ —Ç—Ä–∞—Ç–∏—Ç—å –≤—Ä–µ–º—è –Ω–∞ –±–µ—Å–µ–¥—ã –æ –ø–æ–≥–æ–¥–µ –∏ –æ—Ç–Ω–æ—à–µ–Ω–∏—è—Ö, –∞ —Å—Ä–∞–∑—É –±–µ—Ä–∏—Ç–µ —Ñ–æ–∫—É—Å –Ω–∞ –∞–Ω–≥–ª–∏–π—Å–∫–∏–π –¥–ª—è stand-up meetings, code review, bug reports.

–ê –ø–æ–º–æ–≥—É—Ç –≤ —ç—Ç–æ–º —Ä–µ–±—è—Ç–∞ –∏–∑ Across English, —É –Ω–∏—Ö 12 –ª–µ—Ç –æ–ø—ã—Ç–∞ –≤ —ç—Ç–æ–º. –í—ã–±–∏—Ä–∞–π—Ç–µ –∏–∑ —á–µ—Ç—ã—Ä—ë—Ö —Ç–µ–º–∞—Ç–∏—á–µ—Å–∫–∏—Ö –∫—É—Ä—Å–æ–≤:
üî∏ –ê–Ω–≥–ª–∏–π—Å–∫–∏–π –¥–ª—è —Ç–µ—Ö–Ω–∏—á–µ—Å–∫–∏—Ö —Å–ø–µ—Ü–∏–∞–ª–∏—Å—Ç–æ–≤
üî∏ –ê–Ω–≥–ª–∏–π—Å–∫–∏–π –¥–ª—è –ø—Ä–æ–µ–∫—Ç–Ω–æ–≥–æ —É–ø—Ä–∞–≤–ª–µ–Ω–∏—è –≤ –æ–±–ª–∞—Å—Ç–∏ IT
üî∏ –ê–Ω–≥–ª–∏–π—Å–∫–∏–π –¥–ª—è –≤–Ω–µ–¥—Ä–µ–Ω–∏—è –∏ —Ä–∞–∑—Ä–∞–±–æ—Ç–∫–∏ ERP-—Å–∏—Å—Ç–µ–º
üî∏ –ê–Ω–≥–ª–∏–π—Å–∫–∏–π –¥–ª—è —Å–æ–±–µ—Å–µ–¥–æ–≤–∞–Ω–∏–π –≤ –æ–±–ª–∞—Å—Ç–∏ IT

–ê –µ—â–µ —É –Ω–∏—Ö –ø—Ä–æ—Ö–æ–¥—è—Ç –±–µ—Å–ø–ª–∞—Ç–Ω—ã–µ –≤—Å—Ç—Ä–µ—á–∏-–≤–µ–±–∏–Ω–∞—Ä—ã –Ω–∞ –∞–Ω–≥–ª–∏–π—Å–∫–æ–º, –Ω–∞ –∫–æ—Ç–æ—Ä—ã—Ö —Ä–µ–±—è—Ç–∞ –∏–∑ IT –¥–µ–ª—è—Ç—Å—è –æ–ø—ã—Ç–æ–º —Ä–µ–ª–æ–∫–∞—Ü–∏–∏ –≤ —Ä–∞–∑–ª–∏—á–Ω—ã–µ —Å—Ç—Ä–∞–Ω—ã.

–ù–∞ —Å–≤–æ—ë–º –∫–∞–Ω–∞–ª–µ –æ–Ω–∏ –¥–µ–ª—è—Ç—Å—è –∞–Ω–æ–Ω—Å–∞–º–∏ –≤—Å—Ç—Ä–µ—á, –ø–æ–ª–µ–∑–Ω—ã–º–∏ –º–∞—Ç–µ—Ä–∏–∞–ª–∞–º–∏ –∏ —à—Ç—É–∫–∞–º–∏ –Ω–∞ —Ç–µ–º—É –∞–Ω–≥–ª–∏–π—Å–∫–æ–≥–æ —è–∑—ã–∫–∞ –¥–ª—è IT. 

–ü–æ–¥–ø–∏—Å—ã–≤–∞–π—Ç–µ—Å—å ‚Üí @across_english","Advertisement"
"–ì–µ–π–º-–¥–∏—Ä–µ–∫—Ç–æ—Ä –ê–∞—Ä–æ–Ω –ö–µ–ª–ª–µ—Ä —Å–æ–æ–±—â–∏–ª, —á—Ç–æ —Ä–∞–∑—Ä–∞–±–æ—Ç—á–∏–∫–∏ –ø–ª–∞–Ω–∏—Ä—É—é—Ç –¥–æ—Ä–∞–±–æ—Ç–∞—Ç—å ¬´–õ—É—á—à–∏–µ –º–æ–º–µ–Ω—Ç—ã –º–∞—Ç—á–∞¬ª, —á—Ç–æ–±—ã –≤ –Ω–∏—Ö –ø–æ–ø–∞–¥–∞–ª–∏ –±–æ–ª–µ–µ —Ä–∞–∑–Ω–æ–æ–±—Ä–∞–∑–Ω—ã–µ —Å–ª—É—á–∞–∏ –≤ –∏–≥—Ä–µ

–ö—Ä–æ–º–µ —Ç–æ–≥–æ, –µ–≥–æ –∫–æ–º–∞–Ω–¥–∞ –ø–µ—Ä–µ—Ä–∞–±–∞—Ç—ã–≤–∞–µ—Ç —Å–∏—Å—Ç–µ–º—É ¬´–í —É–¥–∞—Ä–µ¬ª, —á—Ç–æ–±—ã –æ–Ω–∞ —Ä–∞–±–æ—Ç–∞–ª–∞ –Ω–∞ –Ω–æ–≤–æ–º –¥–≤–∏–∂–∫–µ. –ö–æ–≥–¥–∞ –≤—ã–π–¥—É—Ç –≤—Å–µ —ç—Ç–∏ –∏–∑–º–µ–Ω–µ–Ω–∏—è ‚Äî –ø–æ–∫–∞ –Ω–µ–∏–∑–≤–µ—Å—Ç–Ω–æ.

–°–∏—Å—Ç–µ–º–∞ ¬´–í —É–¥–∞—Ä–µ¬ª —Ç–µ—Ö–Ω–∏—á–µ—Å–∫–∏ –µ—Å—Ç—å –≤ Overwatch 2, –æ–¥–Ω–∞–∫–æ –≤ –∏–≥—Ä–µ –Ω–µ—Ç –∏–Ω–¥–∏–∫–∞—Ç–æ—Ä–∞, –ø–æ–∫–∞–∑—ã–≤–∞—é—â–µ–≥–æ –∫–∞–∫ –Ω–∞–∫–∞–ø–ª–∏–≤–∞–µ—Ç—Å—è —ç—Ç–æ —Å–æ—Å—Ç–æ—è–Ω–∏–µ. –ö–æ–≥–¥–∞ –≥–µ—Ä–æ–π —Å–æ–≤–µ—Ä—à–∞–µ—Ç –º–Ω–æ–∂–µ—Å—Ç–≤–æ —ç—Ñ—Ñ–µ–∫—Ç–∏–≤–Ω—ã—Ö –¥–µ–π—Å—Ç–≤–∏–π (–≤—ã–ø–æ–ª–Ω—è–µ—Ç –∑–∞–¥–∞—á–∏ –Ω–∞ –∫–∞—Ä—Ç–µ, –Ω–∞–Ω–æ—Å–∏—Ç –º–Ω–æ–≥–æ —É—Ä–æ–Ω–∞/–æ—Ç—Ö–∏–ª–∏–≤–∞–µ—Ç —Å–æ—é–∑–Ω–∏–∫–æ–≤ –∏ —Ç.–¥.), —É –Ω–µ–≥–æ –∑–∞–ø–æ–ª–Ω—è–µ—Ç—Å—è —à–∫–∞–ª–∞ ¬´–í —É–¥–∞—Ä–µ¬ª (—Å–µ–π—á–∞—Å –æ–Ω–∞ –Ω–µ –æ—Ç–æ–±—Ä–∞–∂–∞–µ—Ç—Å—è). –ö–æ–≥–¥–∞ ¬´–í —É–¥–∞—Ä–µ¬ª –¥–æ—Å—Ç–∏–≥–∞–µ—Ç –º–∞–∫—Å–∏–º—É–º–∞, –≥–µ—Ä–æ–π –ø—Ä–æ–∏–∑–Ω–æ—Å–∏—Ç –æ—Å–æ–±—É—é —Ñ—Ä–∞–∑—É ‚Äî —ç—Ç–∏ —Ñ—Ä–∞–∑—ã –ø—Ä–æ–∏–≥—Ä—ã–≤–∞—é—Ç—Å—è –≤ Overwatch 2, –Ω–æ –Ω–µ—Ç –≤–∏–∑—É–∞–ª—å–Ω–æ–≥–æ –æ–±–æ–∑–Ω–∞—á–µ–Ω–∏—è —ç—Ç–æ–≥–æ —Å–æ—Å—Ç–æ—è–Ω–∏—è (–≤ –ø–µ—Ä–≤–æ–π —á–∞—Å—Ç–∏ —É –≥–µ—Ä–æ—è –≤—Å–ø—ã—Ö–∏–≤–∞–ª –æ–≥–Ω–µ–º –ø–æ—Ä—Ç—Ä–µ—Ç).","Not Advertisement"
"–£ –ø–æ–ª—å–∑–æ–≤–∞—Ç–µ–ª—è –ª–∞–ø–∫–∏, –æ–Ω —á—Ç–æ-—Ç–æ –¥–∞ —Å–ª–æ–º–∞–µ—Ç 

#ithumor","Not Advertisement"
"TON Foundation –∑–∞–ø—É—Å–∫–∞–µ—Ç 2-–º–µ—Å—è—á–Ω—ã–π –∫–æ–Ω–∫—É—Ä—Å TON Wallet Contest —Å –ø—Ä–∏–∑–æ–≤—ã–º —Ñ–æ–Ω–¥–æ–º $60 000 ü§ó.

–ö —É—á–∞—Å—Ç–∏—é –ø—Ä–∏–≥–ª–∞—à–∞—é—Ç—Å—è —Ä–∞–∑—Ä–∞–±–æ—Ç—á–∏–∫–∏ iOS, Android –∏ –¥–µ—Å–∫—Ç–æ–ø-—Ä–∞–∑—Ä–∞–±–æ—Ç—á–∏–∫–∏.

–ó–∞–¥–∞–Ω–∏–µ –∫–æ–Ω–∫—É—Ä—Å–∞ - —Å–æ–∑–¥–∞–Ω–∏–µ –¥–µ—Ü–µ–Ω—Ç—Ä–∞–ª–∏–∑–æ–≤–∞–Ω–Ω–æ–≥–æ –ø—Ä–∏–ª–æ–∂–µ–Ω–∏—è TON Wallet. –ú–∞–∫–µ—Ç—ã, –ø–æ–ª–µ–∑–Ω—ã–µ —Ä–µ—Å—É—Ä—Å—ã, –∫—Ä–∏—Ç–µ—Ä–∏–∏ –æ—Ü–µ–Ω–∫–∏ –∏ –≤—Å–µ —Ç–µ—Ö–Ω–∏—á–µ—Å–∫–∏–µ —Ç—Ä–µ–±–æ–≤–∞–Ω–∏—è –≤—ã –Ω–∞–π–¥–µ—Ç–µ –Ω–∞ GitHub.

–ü—Ä–∏–µ–º –∑–∞—è–≤–æ–∫ –æ—Å—É—â–µ—Å—Ç–≤–ª—è–µ—Ç—Å—è –≤ @toncontests_bot –¥–æ 15 –º–∞—è.

–ñ–µ–ª–∞–µ–º —É–¥–∞—á–∏ –≤—Å–µ–º —É—á–∞—Å—Ç–Ω–∏–∫–∞–º!",Advertisement
"üëäüèæ–°–æ–±—ã—Ç–∏–µ-–∫–æ–ª–ª–∞–±–æ—Ä–∞—Ü–∏—è ""Overwatch 2 x One-Punch Man"" –æ–∫–∞–∑–∞–ª–æ—Å—å –Ω–∞—Å—Ç–æ–ª—å–∫–æ —É—Å–ø–µ—à–Ω—ã–º, —á—Ç–æ Blizzard –Ω–∞–¥–µ—é—Ç—Å—è –≤—ã–ø—É—Å—Ç–∏—Ç—å –µ—â–µ –æ–¥–∏–Ω –ø–æ–¥–æ–±–Ω—ã–π –∫–æ–ª–ª–∞–± –≤ —ç—Ç–æ–º –≥–æ–¥—É

¬´–ù–∞–º –æ—á–µ–Ω—å –ø–æ–Ω—Ä–∞–≤–∏–ª–∞—Å—å —Ä–µ–∞–∫—Ü–∏—è –∏–≥—Ä–æ–∫–æ–≤ –Ω–∞ –∫–æ–ª–ª–∞–±–æ—Ä–∞—Ü–∏—é —Å One-Punch Man, ‚Äî —Ä–∞—Å—Å–∫–∞–∑–∞–ª –≥–µ–π–º-–¥–∏—Ä–µ–∫—Ç–æ—Ä –∏–≥—Ä—ã –ê–∞—Ä–æ–Ω –ö–µ–ª–ª–µ—Ä. ‚Äî –ß–µ—Å—Ç–Ω–æ –≥–æ–≤–æ—Ä—è, –º—ã –Ω–µ–º–Ω–æ–≥–æ –≤–æ–ª–Ω–æ–≤–∞–ª–∏—Å—å, –∫–∞–∫ –ø—Ä–æ–π–¥–µ—Ç —Ç–∞–∫–æ–µ —Å–ª–∏—è–Ω–∏–µ —Å –¥—Ä—É–≥–æ–π –≤—Å–µ–ª–µ–Ω–Ω–æ–π. –ú—ã —É—Å—Ç–∞–Ω–æ–≤–∏–ª–∏ –æ–ø—Ä–µ–¥–µ–ª–µ–Ω–Ω—ã–µ –ø—Ä–∞–≤–∏–ª–∞ –Ω–∞—Å—á–µ—Ç —ç—Ç–∏—Ö –∫–æ–ª–ª–∞–±–æ–≤ –∏, –∫–∞–∫ –º—ã –≤–∏–¥–∏–º, –∏–≥—Ä–æ–∫–∏ –∏—Ö –æ—Ü–µ–Ω–∏–ª–∏. –ò–≤–µ–Ω—Ç –ø–æ–ª—É—á–∏–ª—Å—è –Ω–∞—Å—Ç–æ–ª—å–∫–æ –ø–æ–ø—É–ª—è—Ä–Ω—ã–º, —á—Ç–æ —Ç–µ–ø–µ—Ä—å –º—ã —É–≤–µ—Ä–µ–Ω—ã, —á—Ç–æ –±—É–¥–µ–º –¥–µ–ª–∞—Ç—å –µ—â–µ —Ç–∞–∫–∏–µ –∫–æ–ª–ª–∞–±–æ—Ä–∞—Ü–∏–∏. –ú—ã –Ω–∞–¥–µ–µ–º—Å—è, —á—Ç–æ —Å–º–æ–∂–µ–º –≤—ã–ø—É—Å—Ç–∏—Ç—å –µ—â–µ –æ–¥–∏–Ω –º–∞—Å—à—Ç–∞–±–Ω—ã–π –∫–æ–ª–ª–∞–± –≤ —ç—Ç–æ–º –≥–æ–¥—É¬ª.

–í–∞—à–∏ –¥–æ–≥–∞–¥–∫–∏: —Å –∫–∞–∫–æ–π —Ñ—Ä–∞–Ω—à–∏–∑–æ–π –º–æ–∂–µ—Ç –±—ã—Ç—å –Ω–æ–≤—ã–π –∫–æ–ª–ª–∞–±?",Not Advertisement
"–ú–∏—Ä Linux

1. –ö–∞–∫ —É—Å—Ç–∞–Ω–æ–≤–∏—Ç—å Ubuntu?
2. –§–∞–π–ª—ã –∏ –ø–∞–ø–∫–∏, –≤–∏—Ä—Ç—É–∞–ª—å–Ω–∞—è —Ñ–∞–π–ª–æ–≤–∞—è —Å–∏—Å—Ç–µ–º–∞
3. –ü–æ–ª—å–∑–æ–≤–∞—Ç–µ–ª–∏, –≥—Ä—É–ø–ø—ã, –ø—Ä–∞–≤–∞ –¥–æ—Å—Ç—É–ø–∞
4. –¢–µ—Ä–º–∏–Ω–∞–ª: TTY, PTY, Pipe, Console?
5. –ü—Ä–∞–∫—Ç–∏–∫–∞ –ø–æ —Ç–µ—Ä–º–∏–Ω–∞–ª—É
6. –ö–æ–º–∞–Ω–¥—ã bash –∏ –æ—Å–Ω–æ–≤–Ω—ã–µ –ø—Ä–æ–≥—Ä–∞–º–º—ã

#video #linux

https://www.youtube.com/watch?v=f3ra5HrWt-I&list=PLVBQ16nKzRwpoeYSOS8aV78A6nHJ5V6xX",Not Advertisement
"31 –º–∞—Ä—Ç–∞ –ú–¢–° —Å–æ–±–∏—Ä–∞–µ—Ç –∫—Ä—É–ø–Ω–µ–π—à—É—é –≤ –†–æ—Å—Å–∏–∏ IT-–∫–æ–Ω—Ñ–µ—Ä–µ–Ω—Ü–∏—é TRUE TECH DAY. –ü–æ—á–µ–º—É —Å–µ–π—á–∞—Å? –ü–æ—Ç–æ–º—É —á—Ç–æ –¥–∞–≤–Ω–æ –ø–æ—Ä–∞ –ø–æ–∫–∞–∑–∞—Ç—å, —á—Ç–æ —Å–∫—Ä—ã–≤–∞—é—Ç ¬´–ø–æ–¥ –∫–∞–ø–æ—Ç–æ–º¬ª —Ç–æ–ø–æ–≤—ã–µ –ø—Ä–æ–¥—É–∫—Ç—ã –ø—Ä–æ–¥–≤–∏–Ω—É—Ç—ã—Ö —Ç–µ—Ö–Ω–æ–ª–æ–≥–∏—á–Ω—ã—Ö –∫–æ–º–ø–∞–Ω–∏–π. –ö–∞–∂–¥—ã–π —É—á–∞—Å—Ç–Ω–∏–∫ –∫–æ–Ω—Ñ–µ—Ä–µ–Ω—Ü–∏–∏ –ø—Ä–æ—Ç–µ—Å—Ç–∏—Ç –Ω–∞ —Å–µ–±–µ true-—Ç–µ—Ö–Ω–æ–ª–æ–≥–∏–∏ –∏ –∏—Å–ø—ã—Ç–∞–µ—Ç –Ω–æ–≤—ã–µ –≤–ø–µ—á–∞—Ç–ª–µ–Ω–∏—è, –º–µ–Ω—è—é—â–∏–µ –º–∏—Ä –ø–æ–ª—å–∑–æ–≤–∞—Ç–µ–ª–µ–π. 

–ß—Ç–æ –±—É–¥–µ—Ç: 
‚Üí 7 —Ç—Ä–µ–∫–æ–≤: AI, Main Track, Big Data, Architecture, Cybersecurity, Leading Change, Product Manager.
‚Üí 50+ –º–∏—Ä–æ–≤—ã—Ö —Å–ø–∏–∫–µ—Ä–æ–≤ —Å —Ç–æ–ø–æ–≤—ã–º–∏ —Ç–µ–º–∞–º–∏ –±–µ–∑ –≤–æ–¥—ã –∏ –ª–∏—Ä–∏–∫–∏
‚Üí 10 —á–∞—Å–æ–≤ –Ω–µ—Ç–≤–æ—Ä–∫–∏–Ω–≥–∞ –∏ –æ–±–º–µ–Ω–∞ –æ–ø—ã—Ç–æ–º –≤ –ú–æ—Å–∫–≤–µ, –î—É–±–∞–µ, –¢–±–∏–ª–∏—Å–∏ –∏ –ê—Å—Ç–∞–Ω–µ
‚Üí –º–Ω–æ–≥–æ –∏–Ω—Ç–µ—Ä–∞–∫—Ç–∏–≤–Ω—ã—Ö –∏ —Ü–∏—Ñ—Ä–æ–≤—ã—Ö –∑–æ–Ω 
‚Üí –∞ –ø–æ—Å–ª–µ ‚Äî –≥—Ä–∞–Ω–¥–∏–æ–∑–Ω–∞—è –≤–µ—á–µ—Ä–∏–Ω–∫–∞ —Å–æ –∑–≤–µ–∑–¥–Ω—ã–º –ª–∞–π–Ω-–∞–ø–æ–º 

–í—Å–µ —Å–ø–∏–∫–µ—Ä—ã –∏ —Ç–µ–º—ã —É–∂–µ –Ω–∞ —Å–∞–π—Ç–µ. 
–†–µ–≥–∏—Å—Ç—Ä–∏—Ä—É–π—Å—è –Ω–∞ True Tech Day –ø–æ —Å—Å—ã–ª–∫–µ.
–£—á–∞—Å—Ç–∏–µ –±–µ—Å–ø–ª–∞—Ç–Ω–æ",Advertisement
"üë®‚Äçüíª–ö–æ–¥–∏—Ç–µ –Ω–∞ C# –∏ –∂–¥–µ—Ç–µ —Ä–æ—Å—Ç–∞?

–ù–∞—É—á–∏—Ç—å—Å—è —Ä–∞–∑—Ä–∞–±–∞—Ç—ã–≤–∞—Ç—å –Ω–∞ C# —Å–ª–æ–∂–Ω—ã–µ –∫–ª–∏–µ–Ω—Ç-—Å–µ—Ä–≤–µ—Ä–Ω—ã–µ –ø—Ä–∏–ª–æ–∂–µ–Ω–∏—è. –í OTUS —Å—Ç–∞—Ä—Ç—É–µ—Ç –Ω–æ–≤—ã–π –ø–æ—Ç–æ–∫ –æ–Ω–ª–∞–π–Ω-–∫—É—Ä—Å–∞ ¬´C# Developer. Professional¬ª.

–ü–æ—á–µ–º—É —Å—Ç–æ–∏—Ç –ø—Ä–æ–π—Ç–∏ –∫—É—Ä—Å?
–ó–∞ 6 –º–µ—Å—è—Ü–µ–≤ –æ–±—É—á–µ–Ω–∏—è –≤—ã –Ω–∞—É—á–∏—Ç–µ—Å—å —Ä–∞–∑—Ä–∞–±–∞—Ç—ã–≤–∞—Ç—å —Å–ª–æ–∂–Ω—ã–µ –∫–ª–∏–µ–Ω—Ç-—Å–µ—Ä–≤–µ—Ä–Ω—ã–µ –ø—Ä–∏–ª–æ–∂–µ–Ω–∏—è —É—Ä–æ–≤–Ω—è –∫—Ä–µ–ø–∫–æ–≥–æ Middle. 

–†–µ–∑—É–ª—å—Ç–∞—Ç –æ–±—É—á–µ–Ω–∏—è ‚Äî –ø–æ–ª–Ω–æ—Å—Ç—å—é —Ä–µ–∞–ª–∏–∑–æ–≤–∞–Ω–Ω—ã–π –ø—Ä–æ–µ–∫—Ç –ø–æ —Ç—Ä—ë—Ö–∑–≤–µ–Ω–Ω–æ–π –∞—Ä—Ö–∏—Ç–µ–∫—Ç—É—Ä–µ, –∫–æ—Ç–æ—Ä—ã–π –≤—ã –≤—ã–ø–æ–ª–Ω–∏—Ç–µ –≤ Scrum-–∫–æ–º–∞–Ω–¥–µ.

–ü—Ä–æ–π–¥–∏—Ç–µ –≤—Å—Ç—É–ø–∏—Ç–µ–ª—å–Ω—ã–π —Ç–µ—Å—Ç –∏ –ø–æ–ª—É—á–∏—Ç–µ: 
‚úîÔ∏è –ó–∞–ø–∏—Å—å –º–∞—Å—Ç–µ—Ä-–∫–ª–∞—Å—Å–∞ –æ –∑–∞–Ω—è—Ç–∏—è—Ö –Ω–∞ –∫—É—Ä—Å–µ
‚úîÔ∏è –î–æ—Å—Ç—É–ø –∫ –∑–∞–ø–∏—Å—è–º –≤—Å–µ—Ö –æ—Ç–∫—Ä—ã—Ç—ã—Ö —É—Ä–æ–∫–æ–≤
‚úîÔ∏è –ü—Ä–∏–≥–ª–∞—à–µ–Ω–∏—è –Ω–∞ –±–ª–∏–∂–∞–π—à–∏–µ –º–µ—Ä–æ–ø—Ä–∏—è—Ç–∏—è
‚úîÔ∏è –°–∫–∏–¥–∫—É –Ω–∞ –ø—Ä–æ—Ö–æ–∂–¥–µ–Ω–∏–µ –æ–Ω–ª–∞–π–Ω –∫—É—Ä—Å–∞ ¬´C# Developer. Professional¬ª-

üëâ –ù–µ –≤—Ä–µ–º—è —Å—Ç–æ—è—Ç—å –Ω–∞ –º–µ—Å—Ç–µ! –ü—Ä–æ–π–¥–∏—Ç–µ –≤—Å—Ç—É–ø–∏—Ç–µ–ª—å–Ω—ã–π —Ç–µ—Å—Ç, —á—Ç–æ–±—ã –ø–æ–Ω—è—Ç—å, –ø–æ–¥—Ö–æ–¥–∏—Ç –ª–∏ –≤–∞–º –∫—É—Ä—Å https://otus.pw/NWeO/

–†–µ–∫–ª–∞–º–∞. –ò–Ω—Ñ–æ—Ä–º–∞—Ü–∏—è –æ —Ä–µ–∫–ª–∞–º–æ–¥–∞—Ç–µ–ª–µ –Ω–∞ —Å–∞–π—Ç–µ www.otus.ru",Advertisement
"–ï—Å–ª–∏ –≤–∞–º –Ω—É–∂–µ–Ω –∞–Ω–≥–ª–∏–π—Å–∫–∏–π –¥–ª—è —Ä–∞–±–æ—Ç—ã –≤ IT, —Ç–æ –∏ –∏–∑—É—á–∞—Ç—å –µ–≥–æ –ª—É—á—à–µ —Å —Ç–µ–º–∏, –∫—Ç–æ —Ä–∞–∑–±–∏—Ä–∞–µ—Ç—Å—è –≤ —Ç–µ–º–µ. –ù–µ –Ω–∞–¥–æ —Ç—Ä–∞—Ç–∏—Ç—å –≤—Ä–µ–º—è –Ω–∞ –±–µ—Å–µ–¥—ã –æ –ø–æ–≥–æ–¥–µ –∏ –æ—Ç–Ω–æ—à–µ–Ω–∏—è—Ö, –∞ —Å—Ä–∞–∑—É –±–µ—Ä–∏—Ç–µ —Ñ–æ–∫—É—Å –Ω–∞ –∞–Ω–≥–ª–∏–π—Å–∫–∏–π –¥–ª—è stand-up meetings, code review, bug reports.

–ê –ø–æ–º–æ–≥—É—Ç –≤ —ç—Ç–æ–º —Ä–µ–±—è—Ç–∞ –∏–∑ Across English, —É –Ω–∏—Ö 12 –ª–µ—Ç –æ–ø—ã—Ç–∞ –≤ —ç—Ç–æ–º. –í—ã–±–∏—Ä–∞–π—Ç–µ –∏–∑ —á–µ—Ç—ã—Ä—ë—Ö —Ç–µ–º–∞—Ç–∏—á–µ—Å–∫–∏—Ö –∫—É—Ä—Å–æ–≤:
üî∏ –ê–Ω–≥–ª–∏–π—Å–∫–∏–π –¥–ª—è —Ç–µ—Ö–Ω–∏—á–µ—Å–∫–∏—Ö —Å–ø–µ—Ü–∏–∞–ª–∏—Å—Ç–æ–≤
üî∏ –ê–Ω–≥–ª–∏–π—Å–∫–∏–π –¥–ª—è –ø—Ä–æ–µ–∫—Ç–Ω–æ–≥–æ —É–ø—Ä–∞–≤–ª–µ–Ω–∏—è –≤ –æ–±–ª–∞—Å—Ç–∏ IT
üî∏ –ê–Ω–≥–ª–∏–π—Å–∫–∏–π –¥–ª—è –≤–Ω–µ–¥—Ä–µ–Ω–∏—è –∏ —Ä–∞–∑—Ä–∞–±–æ—Ç–∫–∏ ERP-—Å–∏—Å—Ç–µ–º
üî∏ –ê–Ω–≥–ª–∏–π—Å–∫–∏–π –¥–ª—è —Å–æ–±–µ—Å–µ–¥–æ–≤–∞–Ω–∏–π –≤ –æ–±–ª–∞—Å—Ç–∏ IT

–ê –µ—â–µ —É –Ω–∏—Ö –ø—Ä–æ—Ö–æ–¥—è—Ç –±–µ—Å–ø–ª–∞—Ç–Ω—ã–µ –≤—Å—Ç—Ä–µ—á–∏-–≤–µ–±–∏–Ω–∞—Ä—ã –Ω–∞ –∞–Ω–≥–ª–∏–π—Å–∫–æ–º, –Ω–∞ –∫–æ—Ç–æ—Ä—ã—Ö —Ä–µ–±—è—Ç–∞ –∏–∑ IT –¥–µ–ª—è—Ç—Å—è –æ–ø—ã—Ç–æ–º —Ä–µ–ª–æ–∫–∞—Ü–∏–∏ –≤ —Ä–∞–∑–ª–∏—á–Ω—ã–µ —Å—Ç—Ä–∞–Ω—ã.

–ù–∞ —Å–≤–æ—ë–º –∫–∞–Ω–∞–ª–µ –æ–Ω–∏ –¥–µ–ª—è—Ç—Å—è –∞–Ω–æ–Ω—Å–∞–º–∏ –≤—Å—Ç—Ä–µ—á, –ø–æ–ª–µ–∑–Ω—ã–º–∏ –º–∞—Ç–µ—Ä–∏–∞–ª–∞–º–∏ –∏ —à—Ç—É–∫–∞–º–∏ –Ω–∞ —Ç–µ–º—É –∞–Ω–≥–ª–∏–π—Å–∫–æ–≥–æ —è–∑—ã–∫–∞ –¥–ª—è IT. 

–ü–æ–¥–ø–∏—Å—ã–≤–∞–π—Ç–µ—Å—å ‚Üí @across_english",Advertisement
"üìç –ù–∞—á–Ω–∏ –∏–∑—É—á–∞—Ç—å C# —Å 0 –∏ –ø—Ä–∞–∫—Ç–∏–∫–æ–π –≤ –∫–æ–º–∞–Ω–¥–µ —Ä–∞–∑—Ä–∞–±–æ—Ç—á–∏–∫–æ–≤!

üëâ –ü—Ä–∏–≥–ª–∞—à–∞–µ–º –≤–∞—Å –Ω–∞ –±–µ—Å–ø–ª–∞—Ç–Ω—ã–π —É—Ä–æ–∫ –¥–ª—è –Ω–æ–≤–∏—á–∫–æ–≤ –ø–æ C#.
–¢–µ–º–∞ —É—Ä–æ–∫–∞: –ö–∞–∫ –≤—ã—É—á–∏—Ç—å C# —Å –Ω—É–ª—è
–ù–∞ –æ—Ç–∫—Ä—ã—Ç–æ–º —É—Ä–æ–∫–µ –º—ã —Ä–∞–∑–±–µ—Ä–µ–º—Å—è, –∫–∞–∫ –º–æ–∂–Ω–æ –∏–∑—É—á–∏—Ç—å –°# —Å –Ω—É–ª—è –∏ –∫–∞–∫–∏–µ –∞–∫—Ç—É–∞–ª—å–Ω—ã–µ —Ä–µ—Å—É—Ä—Å—ã –ª—É—á—à–µ –≤—Å–µ–≥–æ –∏—Å–ø–æ–ª—å–∑–æ–≤–∞—Ç—å –Ω–æ–≤–∏—á–∫—É.

üìå  –ü—Ä–æ–¥–æ–ª–∂–∏—Ç—å –∏–∑—É—á–∞—Ç—å C#-—Ä–∞–∑—Ä–∞–±–æ—Ç–∫—É –≤—ã —Å–º–æ–∂–µ—Ç–µ –Ω–∞ –∫—É—Ä—Å–µ, –∫–æ—Ç–æ—Ä—ã–π –¥–æ—Å—Ç—É–ø–µ–Ω –≤ —Ä–∞—Å—Å—Ä–æ—á–∫—É –¥–æ 12400 ‚ÇΩ –≤ –º–µ—Å—è—Ü

üëâ–î–ª—è —É—á–∞—Å—Ç–∏—è –∑–∞—Ä–µ–≥–∏—Å—Ç—Ä–∏—Ä—É–π—Ç–µ—Å—å –ø–æ —Å—Å—ã–ª–∫–µ https://otus.pw/TcHHQ/
–†–µ–∫–ª–∞–º–∞. –ò–Ω—Ñ–æ—Ä–º–∞—Ü–∏—è –æ —Ä–µ–∫–ª–∞–º–æ–¥–∞—Ç–µ–ª–µ –Ω–∞ —Å–∞–π—Ç–µ www.otus.ru",Advertisement
"Weekend Offer –¥–ª—è –±—ç–∫–µ–Ω–¥-—Ä–∞–∑—Ä–∞–±–æ—Ç—á–∏–∫–æ–≤ 1‚Äì2 –∞–ø—Ä–µ–ª—è
 
–£—Å—Ç—Ä–æ–π—Ç–µ—Å—å –≤ –Ø–Ω–¥–µ–∫—Å –∑–∞ –¥–≤–∞ –¥–Ω—è —Å Weekend Offer Backend. –†–µ—à–∏—Ç–µ —Ç–µ—Å—Ç–æ–≤–æ–µ, 1 –∞–ø—Ä–µ–ª—è –ø—Ä–æ–π–¥–∏—Ç–µ –¥–≤–µ —Å–µ–∫—Ü–∏–∏, –∞ —É–∂–µ 2 –∞–ø—Ä–µ–ª—è –ø–æ–ª—É—á–∏—Ç–µ –æ—Ñ–µ—Ä.

–í –º–µ—Ä–æ–ø—Ä–∏—è—Ç–∏–∏ —É—á–∞—Å—Ç–≤—É—é—Ç —Ä–∞–∑–Ω—ã–µ –∫–æ–º–∞–Ω–¥—ã –∏ —Å–µ—Ä–≤–∏—Å—ã: –º–æ–∂–Ω–æ –ø–æ–æ–±—â–∞—Ç—å—Å—è —Å –∫–æ–º–∞–Ω–¥–∞–º–∏ –∏ –≤—ã–±—Ä–∞—Ç—å —Ç–æ, —á—Ç–æ –≤–∞–º –±–æ–ª—å—à–µ –ø–æ–¥—Ö–æ–¥–∏—Ç. –†–∞–±–æ—Ç–∞—Ç—å –º–æ–∂–Ω–æ –≤ —Å–º–µ—à–∞–Ω–Ω–æ–º —Ä–µ–∂–∏–º–µ –∏–∑ –ª—é–±–æ–≥–æ –æ—Ñ–∏—Å–∞ –∏–ª–∏ –∫–æ–≤–æ—Ä–∫–∏–Ω–≥–∞ –≤ 20 –≥–æ—Ä–æ–¥–∞—Ö –†–æ—Å—Å–∏–∏ –∏ –º–∏—Ä–∞. –£—Å–ª–æ–≤–∏—è —Ä–∞–±–æ—Ç—ã –æ–±—Å—É–∂–¥–∞—é—Ç—Å—è —Å –∫–∞–∂–¥—ã–º —Ä–∞–∑—Ä–∞–±–æ—Ç—á–∏–∫–æ–º –∏–Ω–¥–∏–≤–∏–¥—É–∞–ª—å–Ω–æ.

–ò—â–µ–º –∏–Ω–∂–µ–Ω–µ—Ä–æ–≤ —Å –æ–ø—ã—Ç–æ–º –∫–æ–º–º–µ—Ä—á–µ—Å–∫–æ–π —Ä–∞–∑—Ä–∞–±–æ—Ç–∫–∏ –æ—Ç —Ç—Ä—ë—Ö –ª–µ—Ç –Ω–∞  Java, Python, Go, C++ –∏–ª–∏ Scala. –ñ–¥—ë–º –∏ —Ç–µ—Ö, –∫—Ç–æ –≥–æ—Ç–æ–≤ —Ä–∞–±–æ—Ç–∞—Ç—å –Ω–∞ —ç—Ç–∏—Ö —è–∑—ã–∫–∞—Ö.

–ó–∞—Ä–µ–≥–∏—Å—Ç—Ä–∏—Ä–æ–≤–∞—Ç—å—Å—è",Advertisement
"–†–∞–∑—Ä–∞–±–æ—Ç—á–∏–∫—É, –∫–æ–Ω–µ—á–Ω–æ, –Ω–µ –Ω—É–∂–Ω–æ –±—ã—Ç—å —ç–∫—Å–ø–µ—Ä—Ç–æ–º –ø–æ K8s, —á—Ç–æ–±—ã –∑–∞–ø—É—Å—Ç–∏—Ç—å –≤ –Ω–µ–º –ò–¢-–ø—Ä–æ–µ–∫—Ç, –Ω–æ –∞–∑—ã –ø–æ–º–æ–≥—É—Ç –ø–æ–Ω—è—Ç—å, –∫–∞–∫ –∂–∏–≤–µ—Ç –ø—Ä–∏–ª–æ–∂–µ–Ω–∏–µ –≤ –∫–æ–Ω—Ç–µ–π–Ω–µ—Ä–∏–∑–∏—Ä–æ–≤–∞–Ω–Ω–æ–π —Å—Ä–µ–¥–µ.

–ü–æ—ç—Ç–æ–º—É –ø—Ä–∏–≥–ª–∞—à–∞–µ–º –≤–∞c –Ω–∞ –≤–µ–±–∏–Ω–∞—Ä ¬´–û—Å–Ω–æ–≤—ã Kubernetes: —Å–µ–∫—Ä–µ—Ç—ã –æ—Ç #CloudMTS¬ª, –≥–¥–µ –≤—ã —É–∑–Ω–∞–µ—Ç–µ: 
‚Ä¢ –ß—Ç–æ —Ç–∞–∫–æ–µ cloud-native –∏ –º–∏–∫—Ä–æ—Å–µ—Ä–≤–∏—Å–Ω–∞—è –∞—Ä—Ö–∏—Ç–µ–∫—Ç—É—Ä–∞.
‚Ä¢ –ö–∞–∫ —É—Å—Ç—Ä–æ–µ–Ω–∞ –æ—Ä–∫–µ—Å—Ç—Ä–∞—Ü–∏—è –∫–æ–Ω—Ç–µ–π–Ω–µ—Ä–æ–≤ –∏ –∫–∞–∫–∏–µ —Å –Ω–µ–π –±—ã–≤–∞—é—Ç —Å–ª–æ–∂–Ω–æ—Å—Ç–∏.
‚Ä¢ –ö–∞–∫ —Å–µ—Ä–≤–∏—Å –¥–ª—è —É–ø—Ä–∞–≤–ª–µ–Ω–∏—è –∫–ª–∞—Å—Ç–µ—Ä–∞–º–∏ Kubernetes –≤ –æ–±–ª–∞–∫–µ #–°loudMTS —Ä–µ—à–∞–µ—Ç —ç—Ç–∏ —Å–ª–æ–∂–Ω–æ—Å—Ç–∏.

13 –º–∞—Ä—Ç–∞ –≤ 11:00 –º—Å–∫, online 
–ó–∞—Ä–µ–≥–∏—Å—Ç—Ä–∏—Ä–æ–≤–∞—Ç—å—Å—è ‚Üí http://bit.ly/3YvUOVM

–†–µ–∫–ª–∞–º–∞. –†–µ–∫–ª–∞–º–æ–¥–∞—Ç–µ–ª—å –ü–ê–û ¬´–ú–¢–°¬ª, –ò–ù–ù 7740000076",Advertisement
"üéÅ –ü—Ä–∏–≥–ª–∞—à–∞–µ–º –Ω–∞ –±–µ—Å–ø–ª–∞—Ç–Ω—ã–π —É—Ä–æ–∫ –ø–æ C# –¥–ª—è —Ä–∞–∑—Ä–∞–±–æ—Ç—á–∏–∫–æ–≤ —Å –æ–ø—ã—Ç–æ–º. –ó–∞–Ω—è—Ç–∏–µ –ø—Ä–∏—É—Ä–æ—á–µ–Ω–æ –∫ —Å—Ç–∞—Ä—Ç—É –æ–Ω–ª–∞–π–Ω-–∫—É—Ä—Å–∞ ¬´C# Developer. Professional¬ª –≤ OTUS. 

üìÜ 28 –º–∞—Ä—Ç–∞ –≤ 20:00
–¢–µ–º–∞: –ü–∏—à–µ–º —Å –Ω—É–ª—è Event Loop –Ω–∞ –±–ª–æ–∫–∏—Ä—É—é—â–∏—Ö –æ—á–µ—Ä–µ–¥—è—Ö

üîÑ –ß—Ç–æ –±—É–¥–µ—Ç –Ω–∞ –∑–∞–Ω—è—Ç–∏–∏?
‚Äî –†–∞–∑—Ä–∞–±–æ—Ç–∞–µ–º –º–Ω–æ–≥–æ–ø–æ—Ç–æ—á–Ω—ã–π —Å–µ—Ä–≤–µ—Ä –ø—Ä–∏–ª–æ–∂–µ–Ω–∏–π —Å –º–∏–Ω–∏–º—É–º –ø—Ä–∏–º–∏—Ç–∏–≤–æ–≤ —Å–∏–Ω—Ö—Ä–æ–Ω–∏–∑–∞—Ü–∏–∏. 
‚Äî –†–∞—Å—Å–º–æ—Ç—Ä–∏–º –≤–æ–ø—Ä–æ—Å—ã —Å–∏–Ω—Ö—Ä–æ–Ω–∏–∑–∞—Ü–∏–∏, –º–∞—Å—à—Ç–∞–±–∏—Ä—É–µ–º–æ—Å—Ç–∏ –ø—Ä–∏–ª–æ–∂–µ–Ω–∏—è, –æ–±—Ä–∞–±–æ—Ç–∫—É –≤—Ö–æ–¥—è—â–∏—Ö —Å–æ–æ–±—â–µ–Ω–∏–π, –≤–æ–ø—Ä–æ—Å—ã —Ä–µ–∞–ª–∏–∑–∞—Ü–∏–∏ –¥–ª–∏—Ç–µ–ª—å–Ω—ã—Ö –æ–ø–µ—Ä–∞—Ü–∏–π.

üëç –°–ø–∏–∫–µ—Ä–æ–º –≤—ã—Å—Ç—É–ø–∏—Ç –ï–≤–≥–µ–Ω–∏–π –¢—é–º–µ–Ω—Ü–µ–≤, –¥–∏—Ä–µ–∫—Ç–æ—Ä –∫–æ–º–ø–∞–Ω–∏–∏ –ø–æ —Ä–∞–∑—Ä–∞–±–æ—Ç–∫–µ –ø—Ä–æ–≥—Ä–∞–º–º–Ω–æ–≥–æ –æ–±–µ—Å–ø–µ—á–µ–Ω–∏—è. –≠—Ç–æ—Ç –≤–µ–±–∏–Ω–∞—Ä ‚Äî –ª–∏—à—å —á–∞—Å—Ç—å –∫—É—Ä—Å–∞ ¬´C# Developer. Professional¬ª, –ø—Ä–æ–¥–æ–ª–∂–∏—Ç—å –æ–±—É—á–µ–Ω–∏–µ –º–æ–∂–Ω–æ –≤ —Ä–∞—Å—Å—Ä–æ—á–∫—É. 

üëâ –î–ª—è —Ä–µ–≥–∏—Å—Ç—Ä–∞—Ü–∏–∏ –Ω–∞ —É—Ä–æ–∫ –ø—Ä–æ–π–¥–∏—Ç–µ –≤—Å—Ç—É–ø–∏—Ç–µ–ª—å–Ω—ã–π —Ç–µ—Å—Ç

–†–µ–∫–ª–∞–º–∞. –ò–Ω—Ñ–æ—Ä–º–∞—Ü–∏—è –æ —Ä–µ–∫–ª–∞–º–æ–¥–∞—Ç–µ–ª–µ –Ω–∞ —Å–∞–π—Ç–µ www.otus.ru",Advertisement
"Skillbox –¥–∞—Ä–∏—Ç 6 –º–µ—Å—è—Ü–µ–≤ –±–µ—Å–ø–ª–∞—Ç–Ω–æ–≥–æ –æ–±—É—á–µ–Ω–∏—è –∏–Ω—Ç–µ—Ä–Ω–µ—Ç-–ø—Ä–æ—Ñ–µ—Å—Å–∏—è–º —Å –≥–∞—Ä–∞–Ω—Ç–∏–µ–π —Ç—Ä—É–¥–æ—É—Å—Ç—Ä–æ–π—Å—Ç–≤–∞.

–°–ø–∏—Å–æ–∫ –ø—Ä–æ—Ñ–µ—Å—Å–∏–π —É—á–∞—Å—Ç–≤—É—é—â–∏—Ö –≤ –∞–∫—Ü–∏–∏:

–ò–Ω—Ç–µ—Ä–Ω–µ—Ç-–º–∞—Ä–∫–µ—Ç–æ–ª–æ–≥ (–∑–ø 120 000‚ÇΩ)
SMM-–º–∞—Ä–∫–µ—Ç–æ–ª–æ–≥ (–∑–ø 150 000‚ÇΩ)
–í–µ–±-–¥–∏–∑–∞–π–Ω–µ—Ä (–∑–ø 140 000‚ÇΩ)
–ì—Ä–∞—Ñ–∏—á–µ—Å–∫–∏–π –¥–∏–∑–∞–π–Ω–µ—Ä (–∑–ø 80 000‚ÇΩ)
Data Engineer (–∑–ø 190 000‚ÇΩ)
Data Analyst (–∑–ø 285 000‚ÇΩ)
Data Scientist PRO (–∑–ø 200 000‚ÇΩ)
Java-—Ä–∞–∑—Ä–∞–±–æ—Ç—á–∏–∫ (–∑–ø 150 000‚ÇΩ)
–†–∞–∑—Ä–∞–±–æ—Ç—á–∏–∫ –∏–≥—Ä –Ω–∞ Unity (–∑–ø 120 000‚ÇΩ)
–¢–µ—Å—Ç–∏—Ä–æ–≤—â–∏–∫ –ü–û (–∑–ø 165 000‚ÇΩ)

–ü—Ä–∏–æ–±—Ä–µ—Ç–µ–Ω–∏–µ –æ–±—É—á–µ–Ω–∏—è –≥–∞—Ä–∞–Ω—Ç–∏—Ä—É–µ—Ç —Ç—Ä—É–¥–æ—É—Å—Ç—Ä–æ–π—Å—Ç–≤–æ, –∏–ª–∏ Skillbox –≤–µ—Ä–Ω–µ—Ç –¥–µ–Ω—å–≥–∏!

‚ö†Ô∏è–ê–∫—Ü–∏—è –¥–µ–π—Å—Ç–≤–∏—Ç–µ–ª—å–Ω–∞ —Ç–æ–ª—å–∫–æ –ø–æ —Å—Å—ã–ª–∫–∞–º –≤ –ø–æ—Å—Ç–µ. –°—Ä–æ–∫ –æ–∫–æ–Ω—á–∞–Ω–∏—è –∞–∫—Ü–∏–∏ 25 –º–∞—Ä—Ç–∞ 2023 –≥–æ–¥–∞.",Advertisement
"üî•Geekbrains –∞–Ω–æ–Ω—Å–∏—Ä–æ–≤–∞–ª–∏ –±–µ—Å–ø–ª–∞—Ç–Ω–æ–µ –æ–±—É—á–µ–Ω–∏–µ –ø–æ –Ω–µ–π—Ä–æ—Å–µ—Ç—è–º.

–° 8 –ø–æ 9 –∞–ø—Ä–µ–ª—è —Å—Ç–∞—Ä—Ç—É–µ—Ç –¥–≤—É—Ö–¥–Ω–µ–≤–Ω—ã–π –æ–Ω–ª–∞–π–Ω-–∏–Ω—Ç–µ–Ω—Å–∏–≤ ¬´–ü—É—Ç—å –≤ IT: –ü—Ä–∞–∫—Ç–∏–∫—É–º¬ª, –Ω–∞ –∫–æ—Ç–æ—Ä–æ–º –≤–∞—Å –∂–¥—ë—Ç:

‚Äî –ü–µ—Ä–≤—ã–π –¥–µ–Ω—å: –û–±—É—á–µ–Ω–∏–µ –Ω–µ–π—Ä–æ—Å–µ—Ç—è–º –∏ —Å–æ—Ä–µ–≤–Ω–æ–≤–∞–Ω–∏–µ –ø–æ —Å–∫–æ—Ä–æ–ø–µ—á–∞—Ç–∞–Ω–∏—é –Ω–∞ –∫–ª–∞–≤–∏–∞—Ç—É—Ä–µ —Å —Ü–µ–Ω–Ω—ã–º–∏ –ø—Ä–∏–∑–∞–º–∏.
‚Äî –í—Ç–æ—Ä–æ–π –¥–µ–Ω—å: –ñ–∏–≤–æ–π —É—Ä–æ–∫ –ø–æ –ø—Ä–æ–≥—Ä–∞–º–º–∏—Ä–æ–≤–∞–Ω–∏—é –Ω–∞ Python –∏ —Ä–æ–∑—ã–≥—Ä—ã—à –Ω–∞ 500 000 —Ä—É–±–ª–µ–π.

ChatGPT-4 —É–∂–µ –º–Ω–æ–≥–∏—Ö –æ—Å—Ç–∞–≤–∏–ª –±–µ–∑ —Ä–∞–±–æ—Ç—ã, –Ω–∞—É—á–∏—Ç–µ—Å—å –ø—Ä–æ–≥—Ä–∞–º–º–∏—Ä–æ–≤–∞—Ç—å –Ω–µ–π—Ä–æ—Å–µ—Ç–∏ –∏ –≤–∞–º —ç—Ç–æ –Ω–µ –≥—Ä–æ–∑–∏—Ç: https://clck.ru/33rAXU",Advertisement
"–°–∫–æ—Ä–æ —Å—Ç–∞–Ω–µ—Ç –¥–æ—Å—Ç—É–ø–Ω–æ –Ω–æ–≤–æ–µ –æ–±–Ω–æ–≤–ª–µ–Ω–∏–µ –≤ Google –ö–∞—Ä—Ç–∞—Ö

–ú—ã –ø–æ–ª—É—á–∏–º –ø–æ–ª–Ω–æ–º–∞—Å—à—Ç–∞–±–Ω—ã–µ 3D –º–æ–¥–µ–ª–∏ —Ä–∞–∑–ª–∏—á–Ω—ã—Ö –≥–æ—Ä–æ–¥–æ–≤, –∫–æ—Ç–æ—Ä—ã–π —É–ª—É—á—à–∞—Ç –Ω–∞—à–µ –≤–æ—Å–ø—Ä–∏—è—Ç–∏–µ —Å –æ–∫—Ä—É–∂–∞—é—â–∏–º –º–∏—Ä–æ–º.",Not Advertisement
"–£–º–µ—Ä —Å–æ–æ—Å–Ω–æ–≤–∞—Ç–µ–ª—å Intel –ì–æ—Ä–¥–æ–Ω –ú—É—Ä. –ï–º—É –±—ã–ª–æ 94 –≥–æ–¥–∞.

–ò–º–µ–Ω–Ω–æ –æ–Ω —Å—Ñ–æ—Ä–º—É–ª–∏—Ä–æ–≤–∞–ª ¬´–∑–∞–∫–æ–Ω –ú—É—Ä–∞¬ª: –≤ 1965 –≥–æ–¥—É –ú—É—Ä –ø—Ä–µ–¥–ø–æ–ª–æ–∂–∏–ª, —á–∏—Å–ª–æ —Ç—Ä–∞–Ω–∑–∏—Å—Ç–æ—Ä–æ–≤ –≤ –ø—Ä–æ—Ü–µ—Å—Å–æ—Ä–∞—Ö –±—É–¥–µ—Ç —É–¥–≤–∞–∏–≤–∞—Ç—å—Å—è –∫–∞–∂–¥—ã–µ 12 –º–µ—Å—è—Ü–µ–≤, –ø–æ–∑–¥–Ω–µ–µ ‚Äî –∫–∞–∂–¥—ã–µ 24 –º–µ—Å—è—Ü–∞.",Not Advertisement
"üåç –í–ù–ò–ú–ê–ù–ò–ï –í–°–ï–ú –õ–Æ–ë–ò–¢–ï–õ–Ø–ú –ù–ê–£–ö–ò! üåç
–í—ã –∑–Ω–∞–ª–∏, —á—Ç–æ –≤ —Ç–µ–ª–µ–≥—Ä–∞–º–º, –µ—Å—Ç—å –∫–∞–Ω–∞–ª, –∫–æ—Ç–æ—Ä—ã–π —Å–æ–±—Ä–∞–ª –º–Ω–æ–∂–µ—Å—Ç–≤–æ —É–¥–∏–≤–∏—Ç–µ–ª—å–Ω—ã—Ö —Ñ–∞–∫—Ç–æ–≤ –æ –Ω–∞—à–µ–π –ø–ª–∞–Ω–µ—Ç–µ?

–ü–ª–∞–Ω–µ—Ç–∞ –≤ —Ü–∏—Ñ—Ä–∞—Ö - —Ç–æ, —á—Ç–æ –Ω—É–∂–Ω–æ —É–º–Ω—ã–º –∏ –∫—Ä–µ–∞—Ç–∏–≤–Ω—ã–º –ª—é–¥—è–º –¥–ª—è —Ä–∞—Å—à–∏—Ä–µ–Ω–∏—è –∑–Ω–∞–Ω–∏–π –∏ –ø–æ–Ω–∏–º–∞–Ω–∏—è –º–∏—Ä–∞.

üí°–£ –Ω–∞—Å –≤—ã –Ω–∞–π–¥–µ—Ç–µ –Ω–µ—Å—Ç–∞–Ω–¥–∞—Ä—Ç–Ω—ã–µ —Ñ–∞–∫—Ç—ã –æ –ø–ª–∞–Ω–µ—Ç–µ, –∫–æ—Ç–æ—Ä—ã–µ –ø–æ–º–æ–≥—É—Ç –ª—É—á—à–µ –ø–æ–Ω–∏–º–∞—Ç—å –ü–ª–∞–Ω–µ—Ç—É –∏ –µ–µ —Ä–µ—Å—É—Ä—Å—ã.
–ü–ª–∞–Ω–µ—Ç–∞ –≤ —Ü–∏—Ñ—Ä–∞—Ö - –∫–∞–Ω–∞–ª –¥–ª—è —Ç–µ—Ö, –∫—Ç–æ –ª—é–±–∏—Ç —É–∑–Ω–∞–≤–∞—Ç—å –Ω–æ–≤–æ–µ –∏ –Ω–µ –æ–±—ã—á–Ω–æ–µ.

–ü–æ–¥–ø–∏—Å—ã–≤–∞–π—Ç–µ—Å—å –Ω–∞ –∫–∞–Ω–∞–ª –ü–ª–∞–Ω–µ—Ç–∞ –≤ —Ü–∏—Ñ—Ä–∞—Ö –∏ —É–∑–Ω–∞–≤–∞–π—Ç–µ –æ –Ω–∞—à–µ–π –ø–ª–∞–Ω–µ—Ç–µ –≤–º–µ—Å—Ç–µ —Å –Ω–∞–º–∏! üöÄüåå",Advertisement
"–î—Ä—É–∑—å—è, –¥–µ–ª—é—Å—å —Å –≤–∞–º–∏ –∏–Ω—Ç–µ—Ä–µ—Å–Ω—ã–º–∏ –î–µ—Ç—Å–∫–∏–º–∏ –∫–∞–Ω–∞–ª–∞–º–∏ —Å –ú—É–ª—å—Ç—Ñ–∏–ª—å–º–∞–º–∏
 
üß∏ @detskiymira 
–í–æ—Å–ø–∏—Ç–∞—Ç–µ–ª—å–Ω—ã–µ –º—É–ª—å—Ç—Ñ–∏–ª—å–º—ã, –¥–ª—è –¥–µ—Ç–µ–π –ª—é–±–æ–≥–æ –≤–æ–∑—Ä–∞—Å—Ç–∞

ü¶Ñ @razvitie_igra 
–ú—É–ª—å—Ç–∏–∫–∏ –¥–ª—è —Å–∞–º—ã—Ö-—Å–∞–º—ã—Ö –º–∞–ª–µ–Ω—å–∫–∏—Ö –¥–µ—Ç–µ–π

üêù @Xata_Vedm 
–õ—É—á—à–∏–µ –°–æ–≤–µ—Ç—Å–∫–∏–µ –∏ –æ—Ç–µ—á–µ—Å—Ç–≤–µ–Ω–Ω—ã–µ –º—É–ª—å—Ç—Ñ–∏–ª—å–º—ã –≤—Ä–µ–º—ë–Ω –°–°–°–†

üè∞ @DisneyForKids
 –ú—É–ª—å—Ç–∏–∫–∏ –æ—Ç –î–∏—Å–Ω–µ—è, —Å–µ—Ä–∏–∞–ª—ã –∏ –ø–æ–ª–Ω–æ–º–µ—Ç—Ä–∞–∂–Ω—ã–µ

ü¶ã @pritchabest 
–î–µ—Ç—Å–∫–∏–µ —É–≤–ª–µ–∫–∞—Ç–µ–ª—å–Ω—ã–µ –∏ –ø–æ—É—á–∏—Ç–µ–ª—å–Ω—ã–µ –ø—Ä–∏—Ç—á–∏ –¥–ª—è –ø—Ä–∞–≤–∏–ª—å–Ω–æ–≥–æ –ø–æ–Ω–∏–º–∞–Ω–∏—è –º–∏—Ä–∞",Advertisement
"‚ö°Ô∏è–ï–≥–æ –ø–∞—Ü–∏–µ–Ω—Ç—ã –Ω–µ –∑–Ω–∞—é—Ç —á—Ç–æ —Ç–∞–∫–æ–µ –æ–Ω–∫–æ–ª–æ–≥–∏—è –∏ –∏–Ω—Å—É–ª—å—Ç !

–ö–∞–∫ –ø—Ä–æ–∂–∏—Ç—å –±–æ–ª–µ–µ 100 –ª–µ—Ç - —Å–µ–∫—Ä–µ—Ç –¥–æ–ª–≥–æ–ª–µ—Ç–∏—è —Ä–∞—Å–∫—Ä—ã–ª 128 - –ª–µ—Ç–Ω–∏–π –∂–∏—Ç–µ–ª—å –¢–∞–∏–ª–∞–Ω–¥–∞!

–û—Ä–Ω –ü—Ö–∞–Ω—á–æ–º–ø—Ö—É –∏–∑ –¥–∏–Ω–∞—Å—Ç–∏–∏ –≤—Ä–∞—á–µ–≤–∞—Ç–µ–ª–µ–π –∏–∑ –¢–∞–∏–ª–∞–Ω–¥–∞, –≤ –∫–æ—Ç–æ—Ä–æ–π –Ω–∏–∫—Ç–æ –Ω–µ —É–º–µ—Ä —Ä–∞–Ω—å—à–µ 100 –ª–µ—Ç !  –û—Ä–Ω –ü—Ö–∞–Ω—á–æ–º–ø—Ö—É –±–µ—Å–ø–ª–∞—Ç–Ω–æ –≤—ã–ª–µ—á–∏–ª –±–æ–ª–µ–µ 10 —Ç—ã—Å—è—á –ª—é–¥–µ–π, –ù–ò –†–ê–ó–£ –Ω–µ –ø—Ä–∏–º–µ–Ω–∏–≤ —Ç–∞–±–ª–µ—Ç–∫–∏, –∞–Ω—Ç–∏–±–∏–æ—Ç–∏–∫–∏ –∏ –ø—Ä–æ—á–∏–µ –∞–ø—Ç–µ—á–Ω—ã–µ —è–¥—ã.

–¢–µ–ø–µ—Ä—å –µ–≥–æ —É—á–µ–Ω–∏–∫, –∫–æ—Ç–æ—Ä—ã–π –ø—Ä–æ–∂–∏–ª –≤ –µ–≥–æ –ø–æ—Å–µ–ª–µ–Ω–∏–∏ –±–æ–ª–µ–µ 20 –ª–µ—Ç, 
–≤–µ–¥–µ—Ç –ö–∞–Ω–∞–ª ¬´–ü–∞–Ω–∞—Ü–µ—è –∏–∑ –¢–∞–∏–ª–∞–Ω–¥–∞¬ª

–ö–∞–Ω–∞–ª  —Å–æ–±—Ä–∞–ª –≤—Å–µ –ø–æ—Å—Ç—É–ª–∞—Ç—ã –ü—Ö–∞–Ω—á–æ–º–ø—Ö—É, —Å –∫–æ—Ç–æ—Ä—ã–º–∏ –≤—ã –ª–µ–≥–∫–æ –¥–æ–∂–∏–≤–µ—Ç–µ –¥–æ –≥–ª—É–±–æ–∫–æ–π —Å—Ç–∞—Ä–æ—Å—Ç–∏ –≤ –∑–¥—Ä–∞–≤–∏–∏:

‚û§ –ö–∞–∫–æ–π –¢–∞–π—Å–∫–∏–π —ç–ª–µ–∫—Å–∏—Ä —É–±–∏–≤–∞–µ—Ç 99% —Ä–∞–∫–æ–≤—ã—Ö –∫–ª–µ—Ç–æ–∫ –≤ –æ—Ä–≥–∞–Ω–∏–∑–º–µ? [–≤ –∞–ø—Ç–µ–∫–µ —Ç–∞–∫–æ–≥–æ –Ω–µ –Ω–∞–π–¥–µ—à—å]

‚û§ –†–∞–∫ –ø–∞—Ö–Ω–µ—Ç! –í–æ—Ç 7 —Å–ø–æ—Å–æ–±–æ–≤ –æ—Ç–ª–∏—á–∏—Ç—å –æ–Ω–∫–æ –∑–∞–±–æ–ª–µ–≤–∞–Ω–∏—è –ø–æ –∑–∞–ø–∞—Ö—É [–∏–Ω—Å—Ç—Ä—É–∫—Ü–∏—è]

‚û§ –¢–∞–π—Å–∫–∞—è –º–∞–∑—å, –∫–æ—Ç–æ—Ä–∞—è –Ω–∞ 100% —Å–ø—Ä–∞–≤–ª—è–µ—Ç—Å—è —Å –±–æ–ª—å—é –≤ —Å—É—Å—Ç–∞–≤–∞—Ö –∏ –º—ã—à—Ü–∞—Ö [—Å–ø–æ—Å–æ–± –ø—Ä–∏–≥–æ—Ç–æ–≤–ª–µ–Ω–∏—è]

‚û§ –ù–ï –°–¢–û–ò–¢ –ë–û–Ø–¢–°–Ø –û–ù–ö–û–õ–û–ì–ò–ò: –¥–æ—Å—Ç–∞—Ç–æ—á–Ω–æ –∑–Ω–∞—Ç—å —ç—Ç–∏ –ø—Ä–æ—Å—Ç—ã–µ –≤–µ—â–∏ [–ø–æ–¥—Ä–æ–±–Ω–æ—Å—Ç–∏] [—á–∏—Ç–∞—Ç—å —Å—Ç–∞—Ç—å—é]

–ü–æ–¥–ø–∏—à–∏—Ç–µ—Å—å,  –Ω–∞ –∫–∞–Ω–∞–ª ¬´–ü–∞–Ω–∞—Ü–µ—è –∏–∑ –¢–∞–∏–ª–∞–Ω–¥–∞¬ª ‚Äì —ç—Ç–æ –ø—Ä–µ–∫—Ä–∞—Å–Ω–æ!",Advertisement
"üôåüèΩ –ë—É–¥—å –≤ —Ñ–æ–∫—É—Å–µ –≤—Å–µ—Ö –Ω–æ–≤–æ—Å—Ç–µ–π!

 –¢—É—Ç —Ç—ã —Ä–∞—Å—à–∏—Ä–∏—à—å —Å–≤–æ–π –∫—Ä—É–≥–æ–∑–æ—Ä –Ω–∞ 200% 

-–ß—Ç–æ —Å–µ–π—á–∞—Å –ø—Ä–æ–∏—Å—Ö–æ–¥–∏—Ç –≤–Ω—É—Ç—Ä–∏ —Å—Ç—Ä–∞–Ω—ã
-–ö–∞–∫–∏–µ –Ω–æ–≤—ã–µ –∑–∞–≤–µ–¥–µ–Ω–∏—è —Å—Ç–æ–ª–∏—Ü—ã, –æ—Ç–∫—Ä—ã–ª–∏ –¥–ª—è —Ç–µ–±—è –¥–≤–µ—Ä–∏
-–¢–µ–∞—Ç—Ä—ã, –ö–∏–Ω–æ, –ö–æ–Ω—Ü–µ—Ä—Ç—ã –≥–æ—Ç–æ–≤—ã –ø–æ—Ä–∞–¥–æ–≤–∞—Ç—å —Ç–µ–±—è –≤ –ª—é–±–æ–π –¥–µ–Ω—å
-–ò–Ω–Ω–æ–≤–∞—Ü–∏–∏ –∏–∑ –º–∏—Ä–∞ —Ç–µ—Ö–Ω–æ–ª–æ–≥–∏–π –∏ –Ω–æ—Å–∏–º—ã—Ö —É—Å—Ç—Ä–æ–π—Å—Ç–≤

PRO –ú–æ—Å–∫–≤–∞ - –∫–∞–Ω–∞–ª , –≥–¥–µ —á–µ—Å—Ç–Ω–æ –∏ –±–µ–∑ –æ–±–º–∞–Ω–∞ —Ç–µ–±–µ —Ä–∞—Å—Å–∫–∞–∂—É—Ç –æ–±–æ –≤—Å–µ–π –∏–∑–Ω–∞–Ω–∫–µ —Å—Ç–æ–ª–∏—Ü—ã –†–æ—Å—Å–∏–∏",Advertisement
"–ü—Ä–∏–∫–ª—é—á–µ–Ω–∏—è –∞–π—Ç–∏—à–Ω–∏–∫–∞ —Å –∫–æ—à–∫–æ–π –∑–∞ –≥—Ä–∞–Ω–∏—Ü–µ–π üê±‚úàÔ∏è

–§—ë–¥–æ—Ä —Å—Ö–≤–∞—Ç–∏–ª –∫–æ—à–∫—É, —Å–µ–ª –≤ —Å–∞–º–æ–ª—ë—Ç –∏ —É–ª–µ—Ç–µ–ª, –∫—É–¥–∞ –≥–ª–∞–∑–∞ –≥–ª—è–¥—è—Ç. –ê —Ç–µ–ø–µ—Ä—å –æ–±–∂–∏–≤–∞–µ—Ç—Å—è –≤ –Ω–æ–≤–æ–π —Å—Ç—Ä–∞–Ω–µ, —Ä–∞–±–æ—Ç–∞–µ—Ç –Ω–∞–¥ —Å–≤–æ–∏–º–∏ –ø—Ä–æ–µ–∫—Ç–∞–º–∏ –∏ –¥–µ–ª–∏—Ç—Å—è –≤–ø–µ—á–∞—Ç–ª–µ–Ω–∏—è–º–∏.

–ó–∞—Ö–æ–¥–∏ –≤ –∫–∞–Ω–∞–ª –§—ë–¥–æ—Ä–∞ —Å –∫–æ—à–∫–æ–π!",Advertisement
"–Ø —É–∂–µ –ø–æ—Å—Ç—Ä–æ–∏–ª —Å–≤–æ–π –¥–æ–º! –•–æ—á–µ—à—å —Ç–∞–∫–æ–π –∂–µ?

–í—Ä–µ–º—è —Å—Ç—Ä–æ–∏—Ç—å ‚Äì –∫–∞–Ω–∞–ª –±–ª–∞–≥–æ–¥–∞—Ä—è –∫–æ—Ç–æ—Ä–æ–º—É —è —É–∑–Ω–∞–ª:

üîπ —Ö–∏—Ç—Ä–æ—Å—Ç–∏ –¥–ª—è –ø–æ—Å—Ç—Ä–æ–π–∫–∏ –¥–æ–º–∞ —Å–≤–æ–µ–π –º–µ—á—Ç—ã

üîπ —Å–ø–æ—Å–æ–±—ã —ç–∫–æ–Ω–æ–º–∏–∏ –Ω–∞ —Ä–µ–º–æ–Ω—Ç–Ω—ã—Ö —Ä–∞–±–æ—Ç–∞—Ö

üîπ –∫–∞–∫ –Ω–µ –ø—Ä–æ#–±–∞—Ç—å —Å–≤–æ–∏ –Ω–∞–∫–æ–ø–ª–µ–Ω–∏—è

–í —ç—Ç–æ–º —Ç–µ–ª–µ–≥—Ä–∞–º–º –∫–∞–Ω–∞–ª–µ –µ—Å—Ç—å –≤—Å—ë, —á—Ç–æ —Ç—ã –∏—â–µ—à—å üëç",Advertisement
"üîπDEAL  - —ç—Ç–æ –ø—Ä–æ–µ–∫—Ç, –æ–±–æ–∑—Ä–µ–≤–∞—é—â–∏–π –∞–∫—Ç—É–∞–ª—å–Ω—ã–µ –±–∏–∑–Ω–µ—Å –∏–¥–µ–∏, —Ç–æ–Ω–∫–æ—Å—Ç–∏ –≤–µ–¥–µ–Ω–∏—è –±–∏–∑–Ω–µ—Å–∞ –∏ –ø–æ–¥–≤–æ–¥–Ω—ã–µ –∫–∞–º–Ω–∏ —Ä–∞–∑–Ω—ã—Ö –Ω–∏—à. 

–ï—Å–ª–∏ –≤—ã –≤ –ø–æ–∏—Å–∫–µ –¥–µ–ª–∞ –≤—Å–µ–π –≤–∞—à–µ–π –∂–∏–∑–Ω–∏, —Ç–æ –Ω–∞—à –ø—Ä–æ–µ–∫—Ç –±—É–¥–µ—Ç –≤–∞–º –ø–æ–ª–µ–∑–µ–Ω!

–ü–æ–¥–ø–∏—Å—ã–≤–∞–π—Ç–µ—Å—å , –≤—ã–±–∏—Ä–∞–π—Ç–µ –∏–¥–µ—é –∏ –¥–µ–π—Å—Ç–≤—É–π—Ç–µ!",Advertisement
"üÜí–°–æ–∑–¥–∞—ë–º –ø—Ä–∏–ª–æ–∂–µ–Ω–∏–µ-—Ç–∞–π–º–µ—Ä –∑–∞ 60 –º–∏–Ω—É—Ç —Å –∏—Å–ø–æ–ª—å–∑–æ–≤–∞–Ω–∏–µ–º MVVM, StateFlow –∏ Coroutines —Å–æ –∑–≤—É–∫–æ–≤–æ–π —Å–∏–≥–Ω–∞–ª–∏–∑–∞—Ü–∏–µ–π –∏ –≤–∏–±—Ä–∞—Ü–∏–µ–π

‚Äî 23 –º–∞—Ä—Ç–∞ –≤ 20:00 –º—Å–∫ –Ω–∞ –±–µ—Å–ø–ª–∞—Ç–Ω–æ–º –≤–µ–±–∏–Ω–∞—Ä–µ –º—ã —Å–æ–∑–¥–∞–¥–∏–º –ø—Ä–∏–ª–æ–∂–µ–Ω–∏–µ –¥–ª—è –≤–∞—Ä–∫–∏ —è–∏—Ü –¥–æ –æ–ø—Ä–µ–¥–µ–ª–µ–Ω–Ω–æ–π —Å—Ç–µ–ø–µ–Ω–∏ –≥–æ—Ç–æ–≤–Ω–æ—Å—Ç–∏. –í—ã–±–∏—Ä–∞–µ–º —Å—Ç–µ–ø–µ–Ω—å –≥–æ—Ç–æ–≤–Ω–æ—Å—Ç–∏, –ø—Ä–∏–ª–æ–∂–µ–Ω–∏–µ –ø–æ–∫–∞–∑—ã–≤–∞–µ—Ç –Ω–µ–æ–±—Ö–æ–¥–∏–º–æ–µ –≤—Ä–µ–º—è –∏ –ø—Ä–∏ –Ω–∞–∂–∞—Ç–∏–∏ –Ω–∞ –∫–Ω–æ–ø–∫—É –Ω–∞—á–∏–Ω–∞–µ—Ç –æ—Ç—Å—á–µ—Ç. –ü–æ –∏—Å—Ç–µ—á–µ–Ω–∏–µ –≤—Ä–µ–º–µ–Ω–∏ –ø—Ä–∏–ª–æ–∂–µ–Ω–∏–µ –ø–æ–¥–∞–µ—Ç –∑–≤—É–∫–æ–≤–æ–π —Å–∏–≥–Ω–∞–ª –∏ –≤–∏–±—Ä–∏—Ä—É–µ—Ç.

–ò—Ç–æ–≥–æ ‚Äî —Ä–∞—Å—Å–º–æ—Ç—Ä–∏–º —É—Å—Ç—Ä–æ–π—Å—Ç–≤–æ –ø—Ä–æ—Å—Ç–æ–≥–æ Android-–ø—Ä–∏–ª–æ–∂–µ–Ω–∏—è. –†–∞–∑–±–µ—Ä–µ–º —Å–æ–≤—Ä–µ–º–µ–Ω–Ω—É—é –∞—Ä—Ö–∏—Ç–µ–∫—Ç—É—Ä—É MVVM —Å –∏—Å–ø–æ–ª—å–∑–æ–≤–∞–Ω–∏–µ–º Coroutines –∏ StateFlow. –í —Ä–µ–∑—É–ª—å—Ç–∞—Ç–µ —Å–æ–∑–¥–∞–¥–∏–º –ø—Ä–∏–ª–æ–∂–µ–Ω–∏–µ, –ø–æ–ª–µ–∑–Ω–æ–µ –≤ –±—ã—Ç—É.

üëâ –ë—É–¥–µ—Ç –ø–æ–ª–µ–∑–Ω–æ —Ç–µ–º, –∫—Ç–æ –Ω–∞—á–∏–Ω–∞–µ—Ç –∏–∑—É—á–∞—Ç—å Android –∏ —Ö–æ—á–µ—Ç –ø–æ–∑–Ω–∞–∫–æ–º–∏—Ç—å—Å—è —Å –æ–Ω–ª–∞–π–Ω-–∫—É—Ä—Å–æ–º –ø–æ Android –Ω–∞ Kotlin —Å –Ω—É–ª—è –ø–æ–ª—É—á—à–µ.

–†–µ–≥–∏—Å—Ç—Ä–∏—Ä—É–π—Ç–µ—Å—å —Å–µ–π—á–∞—Å ‚Äî –Ω–∞–ø–æ–º–Ω–∏–º –ø–µ—Ä–µ–¥ –≤–µ–±–∏–Ω–∞—Ä–æ–º: https://otus.pw/b8BO/

–†–µ–∫–ª–∞–º–∞. –ò–Ω—Ñ–æ—Ä–º–∞—Ü–∏—è –æ —Ä–µ–∫–ª–∞–º–æ–¥–∞—Ç–µ–ª–µ –Ω–∞ —Å–∞–π—Ç–µ www.otus.ru",Advertisement
"Spot on: Android 14 adds highlights to TextViews

–í Android 14 –ø–æ—è–≤–∏—Ç—Å—è –≤–æ–∑–º–æ–∂–Ω–æ—Å—Ç—å –≤—ã–¥–µ–ª—è—Ç—å —Ç–µ–∫—Å—Ç –≤ TextView. –ê–Ω–∞–ª–æ–≥–∏—á–Ω–æ —Ç–æ–º—É, –∫–∞–∫ –º—ã —Å–µ–π—á–∞—Å –¥–µ–ª–∞–µ–º —á–µ—Ä–µ–∑ Spannable.setSpan().

–ì–¥–µ-—Ç–æ –≤ —á–∞—Ç–∏–∫–∞—Ö –≤–∏–¥–µ–ª, —á—Ç–æ –Ω–µ–∫–æ—Ç–æ—Ä—ã–º –Ω–µ –∑–∞—à–ª–æ, –Ω–æ –º–Ω–µ –∫–∞–∂–µ—Ç—Å—è —ç—Ç–æ –±—É–¥–µ—Ç –≥–æ—Ä–∞–∑–¥–æ —É–¥–æ–±–Ω–µ–π, —á–µ–º —á–µ—Ä–µ–∑ span.

–î–æ–∫–∞ —Ç—É—Ç ‚Üí Highlights

–ß–∏—Ç–∞—Ç—å (En)",Not Advertisement
"–ü—Ä–∏–≥–ª–∞—à–∞—é –≤–∞—Å –Ω–∞ –º–æ–π –±–µ—Å–ø–ª–∞—Ç–Ω—ã–π –≤–µ–±–∏–Ω–∞—Ä ‚Äì ‚Äú–ö–∞–∫ –Ω–æ—Ä–º–∞–ª–∏–∑–æ–≤–∞—Ç—å –≤–µ—Å –ø–æ –º–µ—Ç–æ–¥—É
¬´–ü–∏—Ç–∞–Ω–∏–µ + –û—á–∏—â–µ–Ω–∏–µ + –í–æ—Å—Å—Ç–∞–Ω–æ–≤–ª–µ–Ω–∏–µ¬ª""

‚è© –ó–∞—Ä–µ–≥–∏—Å—Ç—Ä–∏—Ä–æ–≤–∞—Ç—å—Å—è >>

–≠—Ç–æ—Ç –≤–µ–±–∏–Ω–∞—Ä –¥–ª—è —Ç–µ—Ö, —É –∫–æ–≥–æ:

‚Äî –ü—Ä–æ–±–ª–µ–º—ã —Å –ª–∏—à–Ω–∏–º –≤–µ—Å–æ–º: –¥–∏–µ—Ç—ã –∏ —Ç—Ä–µ–Ω–∏—Ä–æ–≤–∫–∏ –∏–º–µ—é—Ç –∫—Ä–∞—Ç–∫–æ–≤—Ä–µ–º–µ–Ω–Ω—ã–π —ç—Ñ—Ñ–µ–∫—Ç
‚Äî –ü—Ä–æ–±–ª–µ–º—ã –¥–µ—Ñ–∏—Ü–∏—Ç–∞ –≤–µ—Å–∞: –∫–æ–≥–¥–∞ –≤–µ—Å –º–µ–¥–ª–µ–Ω–Ω–æ –Ω–∞–±–∏—Ä–∞–µ—Ç—Å—è –∏–ª–∏ —Å—Ç–æ–∏—Ç –Ω–∞ –º–µ—Å—Ç–µ
‚Äî –ü—Ä–æ–±–ª–µ–º—ã –∫–∏—à–µ—á–Ω–∏–∫–∞: –≤–∑–¥—É—Ç–∏–µ –∂–∏–≤–æ—Ç–∞, –∑–∞–ø–æ—Ä—ã, –¥–∏–∞—Ä–µ–∏, –±–æ–ª–∏ –∏ —Å–ø–∞–∑–º—ã –≤–Ω–∏–∑—É
–∂–∏–≤–æ—Ç–∞, –Ω–µ–ø—Ä–∏—è—Ç–Ω—ã–µ –∑–∞–ø–∞—Ö–∏ —Ç–µ–ª–∞, –≤—ã—Å—ã–ø–∞–Ω–∏—è –ø–æ —Ç–µ–ª—É

–ß—Ç–æ –æ–±—Å—É–¥–∏–º:

‚Äî –¢–û–ü-3 —Å–ø–æ—Å–æ–±–∞ –∫–æ—Ç–æ—Ä—ã–µ –Ω–µ –ø–æ–º–æ–≥—É—Ç –ø–æ—Ö—É–¥–µ—Ç—å, –Ω–æ –º–æ–≥—É—Ç –Ω–∞–Ω–µ—Å—Ç–∏ –ø—Å–∏—Ö–æ–ª–æ–≥–∏—á–µ—Å–∫—É—é
—Ç—Ä–∞–≤–º—É
‚Äî –ß—Ç–æ –¥–µ–π—Å—Ç–≤–∏—Ç–µ–ª—å–Ω–æ –≤–ª–∏—è–µ—Ç –Ω–∞ –Ω–∞–±–æ—Ä –≤–µ—Å–∞ –∏ —á—Ç–æ —Å —ç—Ç–∏–º –¥–µ–ª–∞—Ç—å
‚Äî 30+ –ø—Ä–æ–±–ª–µ–º —Å–æ –∑–¥–æ—Ä–æ–≤—å–µ–º, –Ω–∞–ø—Ä—è–º—É—é –≤–ª–∏—è—é—â–∏—Ö –Ω–∞ –Ω–∞–±–æ—Ä –ª–∏—à–Ω–∏—Ö –ö–ì
‚Äî –ì–∞—Ä–∞–Ω—Ç–∏—Ä–æ–≤–∞–Ω–Ω–æ–µ —Å–Ω–∏–∂–µ–Ω–∏–µ –≤–µ—Å–∞ –ø–æ –º–µ—Ç–æ–¥—É ¬´–ü–∏—Ç–∞–Ω–∏–µ + –û—á–∏—â–µ–Ω–∏–µ +
–í–æ—Å—Å—Ç–∞–Ω–æ–≤–ª–µ–Ω–∏–µ¬ª
‚Äî –ê–ª–≥–æ—Ä–∏—Ç–º –±–µ–∑–æ–ø–∞—Å–Ω–æ–≥–æ –æ—á–∏—â–µ–Ω–∏—è –∏ –≤–æ—Å—Å—Ç–∞–Ω–æ–≤–ª–µ–Ω–∏—è –æ—Ä–≥–∞–Ω–∏–∑–º–∞

–ï—Å–ª–∏ –≤—ã —Ö–æ—Ç–∏—Ç–µ —É–∑–Ω–∞—Ç—å –∫–∞–∫ –±—ã—Å—Ç—Ä–æ –∏ –ø—Ä–∞–≤–∏–ª—å–Ω–æ –Ω–æ—Ä–º–∞–ª–∏–∑–æ–≤–∞—Ç—å –≤–µ—Å –æ–±—è–∑–∞—Ç–µ–ª—å–Ω–æ
—Ä–µ–≥–∏—Å—Ç—Ä–∏—Ä—É–π—Ç–µ—Å—å –ø–æ —Å—Å—ã–ª–∫–µ –Ω–∏–∂–µ!

‚è© –ó–∞—Ä–µ–≥–∏—Å—Ç—Ä–∏—Ä–æ–≤–∞—Ç—å—Å—è >>

–î–æ –≤—Å—Ç—Ä–µ—á–∏ –≤ —ç—Ñ–∏—Ä–µ!",Advertisement
"üíê –ü—Ä–æ–π–¥–∏ 1 –º–∏–Ω—É—Ç–Ω—ã–π —Ç–µ—Å—Ç –∏ –ø–æ–ª—É—á–∏ –∏–Ω–¥–∏–≤–∏–¥—É–∞–ª—å–Ω—ã–π –ø–ª–∞–Ω –ø–∏—Ç–∞–Ω–∏—è –Ω–∞ 30 –¥–Ω–µ–π!

–ò–Ω—Ç–µ—Ä–µ—Å–Ω–æ? –ñ–º–∏ üëâ https://clicktvf.com/Cy8A",Advertisement
"Exploring Kotlin‚Äôs Context Receivers

–ï—â–µ –æ–¥–Ω–∞ –æ—Ç–ª–∏—á–Ω–∞—è —Å—Ç–∞—Ç—å—è —Å –ø–æ–¥—Ä–æ–±–Ω—ã–º —Ä–∞–∑–±–æ—Ä–æ–º —Ñ–∏—á–∏ Context Receivers –≤ Kotlin –∏ –ø—Ä–∏–º–µ—Ä–∞–º–∏ –∏—Å–ø–æ–ª—å–∑–æ–≤–∞–Ω–∏—è.

–ß–∏—Ç–∞—Ç—å (En)",Not Advertisement
"–í –æ–¥–Ω–æ–º –¥–∞–ª—ë–∫–æ–º —É–º–Ω–æ–º –≥–æ—Ä–æ–¥–µ —á—Ç–æ-—Ç–æ –ø–æ—à–ª–æ –Ω–µ —Ç–∞–∫‚Ä¶ 

–ö–∏–±–µ—Ä–∞—Ç–∞–∫–∏, –≤—Ä–µ–¥–æ–Ω–æ—Å—ã, —Å–±–æ–∏ –≤ —Å–∏—Å—Ç–µ–º–µ ‚Äî –∂–∏—Ç–µ–ª–∏ –≥–æ—Ä–æ–¥–∞ –Ω–µ –º–æ–≥—É—Ç —Å–ø—Ä–∞–≤–∏—Ç—å—Å—è —Å —ç—Ç–∏–º–∏ –ø—Ä–æ–±–ª–µ–º–∞–º–∏ –≤ –æ–¥–∏–Ω–æ—á–∫—É. –ü–æ–º–æ–≥–∏—Ç–µ –∏–º –≤ –∏–≥—Ä–µ –æ—Ç Kaspersky –∏ Tproger. –ê–∫—Ç–∏–≤–∏—Ä—É–π—Ç–µ —Å–≤–æ–∏ –∑–Ω–∞–Ω–∏—è –≤ –°++ –∏ –ø–æ–∫–∞–∂–∏—Ç–µ –∏—Ö –≤ –¥–µ–π—Å—Ç–≤–∏–∏:

https://tprg.ru/KIDy

–†–µ–∫–ª–∞–º–∞ –ê–û ¬´–õ–∞–±–æ—Ä–∞—Ç–æ—Ä–∏—è –ö–∞—Å–ø–µ—Ä—Å–∫–æ–≥–æ¬ª",Advertisement
"‚Äã–ì–∞—Ä–∞–Ω—Ç–∏—è –º–∏–Ω–∏–º–∞–ª—å–Ω–æ–π –∑–∞—Ä–ø–ª–∞—Ç—ã –∏ –æ–ø–ª–∞—Ç–∞ –æ–±—É—á–µ–Ω–∏—è –ø–æ—Å–ª–µ –ø–æ–ª—É—á–µ–Ω–∏—è –æ—Ñ—Ñ–µ—Ä–∞. –•–æ—Ç–∏—Ç–µ?

Kata —É–∂–µ –≤—ã–ø—É—Å—Ç–∏–ª–∞ –±–æ–ª–µ–µ –ø–æ–ª—É—Ç–æ—Ä–∞ —Ç—ã—Å—è—á —Å—Ç—É–¥–µ–Ω—Ç–æ–≤, –∫–æ—Ç–æ—Ä—ã–µ –ø–æ–ª—É—á–∏–ª–∏ —Ä–∞–±–æ—Ç—É –∏ —Å—Ç–∞–ª–∏ —Ä–∞–∑—Ä–∞–±–æ—Ç—á–∏–∫–∞–º–∏. –¢–µ–ø–µ—Ä—å –≤–∞—à–∞ –æ—á–µ—Ä–µ–¥—å!

–ù–∞—á–∞—Ç—å —É—á–∏—Ç—å—Å—è –º–æ–∂–µ—Ç –ª—é–±–æ–π, –≤–µ–¥—å –æ–ø—ã—Ç–Ω—ã–π –Ω–∞—Å—Ç–∞–≤–Ω–∏–∫ –ø–æ–º–æ–∂–µ—Ç –Ω–µ –∑–∞–ø—É—Ç–∞—Ç—å—Å—è, –∞ –æ–ø–ª–∞—Ç–∞ –æ–±—É—á–µ–Ω–∏—è –ø–æ—Å–ª–µ —Ç—Ä—É–¥–æ—É—Å—Ç—Ä–æ–π—Å—Ç–≤–∞ –¥–∞—ë—Ç –≤–æ–∑–º–æ–∂–Ω–æ—Å—Ç—å –Ω–µ –ø–µ—Ä–µ–∂–∏–≤–∞—Ç—å –æ –¥–µ–Ω—å–≥–∞—Ö –∏ —Å–æ—Å—Ä–µ–¥–æ—Ç–æ—á–∏—Ç—å—Å—è –Ω–∞ –ø–æ–ª—É—á–µ–Ω–∏–∏ –∑–Ω–∞–Ω–∏–π.

–û—Å—Ç–∞–≤–ª—è–π—Ç–µ –∑–∞—è–≤–∫—É –Ω–∞ –ø–æ—Å—Ç—É–ø–ª–µ–Ω–∏–µ –∏ –ø–æ–ª—É—á–∏—Ç–µ –Ω–æ–≤—É—é –ø—Ä–æ—Ñ–µ—Å—Å–∏—é —É–∂–µ –≤ —ç—Ç–æ–º –≥–æ–¥—É:
https://tprg.ru/1Gn6

–†–µ–∫–ª–∞–º–∞ –ò–ü –°–µ–≤–æ—Å—Ç—å—è–Ω–æ–≤ –ì–µ—Ä–º–∞–Ω –î–º–∏—Ç—Ä–∏–µ–≤–∏—á",Advertisement
"‚Äã–•–æ—Ç–∏—Ç–µ —Ç–æ—á–µ—á–Ω–æ –ø—Ä–æ–∫–∞—á–∞—Ç—å —Å–≤–æ–∏ –∑–Ω–∞–Ω–∏—è –≤ —Ç–µ—Ö –∏–ª–∏ –∏–Ω—ã—Ö –∞—Å–ø–µ–∫—Ç–∞—Ö —Ä–∞–∑—Ä–∞–±–æ—Ç–∫–∏?

–¢–æ–≥–¥–∞ –º–æ–∂–Ω–æ –∑–∞–≥–ª—è–Ω—É—Ç—å –Ω–∞ –∫–∞–Ω–∞–ª AvitoTech –Ω–∞ YouTube, –≥–¥–µ –æ–ø—ã—Ç–Ω—ã–µ –∏–Ω–∂–µ–Ω–µ—Ä—ã –ê–≤–∏—Ç–æ –¥–µ–ª—è—Ç—Å—è –∑–Ω–∞–Ω–∏—è–º–∏ –∏ —Ä–∞—Å—Å–∫–∞–∑—ã–≤–∞—é—Ç –ø—Ä–æ —Å–≤–æ–∏ —Ä–∞–±–æ—á–∏–µ –∏–Ω—Å—Ç—Ä—É–º–µ–Ω—Ç—ã.

–í —Å–≤–µ–∂–µ–º –≤—ã–ø—É—Å–∫–µ avito.code frontend-—Ä–∞–∑—Ä–∞–±–æ—Ç—á–∏–∫ –∫–æ–º–ø–∞–Ω–∏–∏ –æ–±—ä—è—Å–Ω—è–µ—Ç, —á–µ–º –æ—Ç–ª–∏—á–∞–µ—Ç—Å—è Dependency Injection –æ—Ç Dependency Inversion –∏ –∫–∞–∫ –µ–≥–æ –∏—Å–ø–æ–ª—å–∑–æ–≤–∞—Ç—å –Ω–∞ —Ñ—Ä–æ–Ω—Ç–µ.

–°–º–æ—Ç—Ä–µ—Ç—å: https://bit.ly/3w6JaVN

–†–µ–∫–ª–∞–º–∞ –†–µ–∫–ª–∞–º–∞ –û–û–û ¬´–ê–≤–∏—Ç–æ –¢–µ—Ö¬ª LjN8K9UAr",Advertisement
"‚Äã–°—Ç–∞—Ä—Ç–∞–Ω—É—Ç—å –≤ IT –±—ã—Å—Ç—Ä–æ –∏ —ç—Ñ—Ñ–µ–∫—Ç–∏–≤–Ω–æ –º–æ–∂–Ω–æ —Å –ø–æ–¥–≥–æ—Ç–æ–≤–∏—Ç–µ–ª—å–Ω—ã–º –∫—É—Ä—Å–æ–º –ø–æ frontend-—Ä–∞–∑—Ä–∞–±–æ—Ç–∫–µ

–í —Ä–∞–º–∫–∞—Ö –æ–±—É—á–µ–Ω–∏—è –≤–∞—Å –∂–¥—É—Ç 72 —É—Ä–æ–∫–∞ —Å –ø—Ä–∞–∫—Ç–∏–∫–æ–π –≤ –±—Ä–∞—É–∑–µ—Ä–µ, 3 –æ–Ω–ª–∞–π–Ω-–≤–µ–±–∏–Ω–∞—Ä–∞ –∏ 1 —Å–µ—Å—Å–∏—è –ª–∞–π–≤–∫–æ–¥–∏–Ω–≥–∞ —Å –ø—Ä–∞–∫—Ç–∏–∫—É—é—â–∏–º —Ä–∞–∑—Ä–∞–±–æ—Ç—á–∏–∫–æ–º.

–ü–æ –∏—Ç–æ–≥—É –≤—ã –ø–æ–ª—É—á–∏—Ç–µ –∫—Ä–µ–ø–∫–∏–µ –∑–Ω–∞–Ω–∏—è –æ—Å–Ω–æ–≤ JavaScript, —É–º–µ–Ω–∏–µ –ø–æ–Ω–∏–º–∞—Ç—å –∫–æ–¥ –∏ –ø–µ—Ä–≤—É—é –ø—Ä–æ–≥—Ä–∞–º–º—É, –Ω–∞–ø–∏—Å–∞–Ω–Ω—É—é –≤–º–µ—Å—Ç–µ —Å –Ω–∞—Å—Ç–∞–≤–Ω–∏–∫–æ–º. –°—Ç–∞—Ä—Ç —É–∂–µ 19 —è–Ω–≤–∞—Ä—è!

–£–∑–Ω–∞—Ç—å –ø–æ–¥—Ä–æ–±–Ω–æ—Å—Ç–∏ –∏ –∑–∞–ø–∏—Å–∞—Ç—å—Å—è –º–æ–∂–Ω–æ –ø–µ—Ä–µ–π–¥—è –ø–æ —Å—Å—ã–ª–∫–µ: https://clck.ru/33Hkmr

–†–µ–∫–ª–∞–º–∞ –û–û–û ¬´–•–µ–∫—Å–ª–µ—Ç –†—É—Å¬ª LjN8KLreB",Advertisement
"‚Äã–•–æ—Ç–∏—Ç–µ –æ–±—É—á–∏—Ç—å—Å—è IT-—Å–ø–µ—Ü–∏–∞–ª—å–Ω–æ—Å—Ç–∏, –Ω–æ –±–æ–∏—Ç–µ—Å—å —á—Ç–æ –ø–æ—Ç—Ä–∞—Ç–∏—Ç–µ –¥–µ–Ω—å–≥–∏ –∑—Ä—è —Ä–∞–¥–∏ ¬´–ø—Ä–æ–±—ã –ø–µ—Ä–∞¬ª? 

–°–ø–µ—Ü–∏–∞–ª—å–Ω–æ –¥–ª—è –Ω–æ–≤–∏—á–∫–æ–≤, GeekBrains –æ—Ç–∫—Ä—ã–ª –±–µ—Å–ø–ª–∞—Ç–Ω—ã–π –¥–æ—Å—Ç—É–ø –∫ –ª–µ–∫—Ü–∏—è–º –∏ –ø—Ä–∞–∫—Ç–∏–∫—É–º—É –∏–∑ –ø—Ä–æ–≥—Ä–∞–º–º—ã —Å—Ç–æ–∏–º–æ—Å—Ç—å—é 23 500 —Ä—É–±–ª–µ–π. –í—ã —Å–º–æ–∂–µ—Ç–µ –∏–∑—É—á–∏—Ç—å –æ—Å–Ω–æ–≤—ã –ø—Ä–æ–≥—Ä–∞–º–º–∏—Ä–æ–≤–∞–Ω–∏—è, –ø–æ–ª—É—á–∏—Ç—å –±–∞–∑—É –¥–ª—è –ª—é–±–æ–π —Ü–∏—Ñ—Ä–æ–≤–æ–π –ø—Ä–æ—Ñ–µ—Å—Å–∏–∏ –∏ –ø–æ–ø—Ä–æ–±–æ–≤–∞—Ç—å —Å–µ–±—è –≤ —Ç–æ–ø–æ–≤—ã—Ö IT-—Å–ø–µ—Ü–∏–∞–ª—å–Ω–æ—Å—Ç—è—Ö –Ω–µ –∑–∞–ø–ª–∞—Ç–∏–≤ –Ω–∏ —Ä—É–±–ª—è.

–ù–∞–±–æ—Ä –µ—â—ë –∏–¥—ë—Ç, –ø–æ—ç—Ç–æ–º—É —É—Å–ø–µ–π—Ç–µ –ø–æ–ª—É—á–∏—Ç—å –¥–æ—Å—Ç—É–ø: https://tprg.ru/Qvoy

–†–µ–∫–ª–∞–º–∞ –û–û–û ¬´–ì–∏–∫–±—Ä–µ–∏–Ω—Å¬ª",Advertisement
"–ï—Å–ª–∏ –≤—ã ‚Äî –º–æ–±–∏–ª—å–Ω—ã–π —Ä–∞–∑—Ä–∞–±–æ—Ç—á–∏–∫ —É—Ä–æ–≤–Ω—è middle+ –∏–∑ –†–æ—Å—Å–∏–∏, —É —Ç–µ–±—è –µ—Å—Ç—å —à–∞–Ω—Å –≤—ã–∏–≥—Ä–∞—Ç—å –æ–¥–∏–Ω –∏–∑ –ø—è—Ç–∏ –∫—Ä—É–ø–Ω—ã—Ö –¥–µ–Ω–µ–∂–Ω—ã—Ö –ø—Ä–∏–∑–æ–≤ –Ω–∞ —á–µ–º–ø–∏–æ–Ω–∞—Ç–µ IT_ONE Cup. Mobile

–í –∞–ø—Ä–µ–ª–µ 2023 —Ñ–æ–Ω–¥ ¬´–°–∫–æ–ª–∫–æ–≤–æ¬ª –∏ IT_ONE –ø—Ä–æ–≤–æ–¥—è—Ç –º–∞—Å—à—Ç–∞–±–Ω—ã–π —á–µ–º–ø–∏–æ–Ω–∞—Ç –¥–ª—è —Ä–∞–∑—Ä–∞–±–æ—Ç—á–∏–∫–æ–≤ –Ω–∞ iOS –∏ Android. –£ —É—á–∞—Å—Ç–Ω–∏–∫–æ–≤ –±—É–¥–µ—Ç –≤–æ–∑–º–æ–∂–Ω–æ—Å—Ç—å –ø—Ä–æ–≤–µ—Ä–∏—Ç—å –Ω–∞–≤—ã–∫–∏ –≤ —Ä–µ—à–µ–Ω–∏–∏ –∫–∞–∫ –ø—Ä–∏–≤—ã—á–Ω—ã—Ö, —Ç–∞–∫ –∏ –Ω–µ—Å—Ç–∞–Ω–¥–∞—Ä—Ç–Ω—ã—Ö –∑–∞–¥–∞—á.

–ü–æ–±–µ–¥–∏—Ç–µ–ª–∏ —Ä–∞–∑–¥–µ–ª—è—Ç –ø—Ä–∏–∑–æ–≤–æ–π —Ñ–æ–Ω–¥ —á–µ–º–ø–∏–æ–Ω–∞—Ç–∞ ‚Äî 520 000 —Ä—É–±–ª–µ–π. –õ—É—á—à–∏–µ —É—á–∞—Å—Ç–Ω–∏–∫–∏ –ø–æ–ª—É—á–∞—Ç —à–∞–Ω—Å –ø—Ä–∏—Å–æ–µ–¥–∏–Ω–∏—Ç—å—Å—è –∫ –∫–æ–º–∞–Ω–¥–µ IT_ONE ‚Äî –∫–æ–º–ø–∞–Ω–∏–∏ –ø—Ä–æ—Ñ–µ—Å—Å–∏–æ–Ω–∞–ª–æ–≤, —Ä–∞–±–æ—Ç–∞—é—â–∏—Ö –Ω–∞–¥ –∫—Ä—É–ø–Ω—ã–º–∏ –∫–æ–º–º–µ—Ä—á–µ—Å–∫–∏–º–∏ –∏ –≥–æ—Å—É–¥–∞—Ä—Å—Ç–≤–µ–Ω–Ω—ã–º–∏ –ø—Ä–æ–µ–∫—Ç–∞–º–∏.

–ß–µ–º–ø–∏–æ–Ω–∞—Ç –ø—Ä–æ–π–¥—ë—Ç –≤ –¥–≤–∞ —ç—Ç–∞–ø–∞. –û—Å–Ω–æ–≤–Ω–æ–π —Ä–∞—É–Ω–¥ ‚Äî —Å–æ—Ä–µ–≤–Ω–æ–≤–∞—Ç–µ–ª—å–Ω—ã–π, –≥–¥–µ –ø—Ä–∏–ª–æ–∂–µ–Ω–∏—è —É—á–∞—Å—Ç–Ω–∏–∫–æ–≤ –±—É–¥—É—Ç –∫–æ–Ω–∫—É—Ä–∏—Ä–æ–≤–∞—Ç—å –º–µ–∂–¥—É —Å–æ–±–æ–π –≤ —É—Å–ª–æ–≤–∏—è—Ö –∏–≥—Ä–æ–≤–æ–≥–æ –º–∏—Ä–∞. –§–∏–Ω–∞–ª–∏—Å—Ç–æ–≤ –∂–¥—ë—Ç –ø—Ä–æ–≤–µ—Ä–∫–∞ —Ç–µ–æ—Ä–µ—Ç–∏—á–µ—Å–∫–∏—Ö –∑–Ω–∞–Ω–∏–π –≤ –≤–∏–¥–µ –≤–æ–ø—Ä–æ—Å–æ–≤ –ø–æ —Ç–µ—Ö–Ω–æ–ª–æ–≥–∏—è–º —Ä–∞–∑—Ä–∞–±–æ—Ç–∫–∏. 

–†–µ–≥–∏—Å—Ç—Ä–∞—Ü–∏—è –æ—Ç–∫—Ä—ã—Ç–∞ –¥–æ 16 –∞–ø—Ä–µ–ª—è 2023 –≥–æ–¥–∞.

–ü–æ–¥—Ä–æ–±–Ω–æ—Å—Ç–∏ –Ω–∞ —Å—Ç—Ä–∞–Ω–∏—Ü–µ —á–µ–º–ø–∏–æ–Ω–∞—Ç–∞: https://vk.cc/cmvcvA

–†–µ–∫–ª–∞–º–∞ –û–û–û ""–í–ö"" –ò–ù–ù 7743001840",Advertisement
"‚Äã–ï—â—ë –Ω–µ –∏—Å–ø–æ–ª—å–∑—É–µ—Ç–µ —Å—Ç–∞—Ç–∏—á–µ—Å–∫–∏–π –∞–Ω–∞–ª–∏–∑–∞—Ç–æ—Ä –∫–æ–¥–∞? –¢–æ–≥–¥–∞ –º—ã –∏–¥—ë–º –∫ –≤–∞–º!

–û–±—ã—á–Ω–æ –æ—à–∏–±–∫–∏ –∏ —É—è–∑–≤–∏–º–æ—Å—Ç–∏ –≤ –∫–æ–¥–µ –º–æ–∂–Ω–æ –∏—Å–∫–∞—Ç—å –≤—Ä—É—á–Ω—É—é. –ù–æ –µ—Å–ª–∏ –ø—Ä–∏—Ö–æ–¥–∏—Ç—Å—è –æ—Ç–ª–∞–∂–∏–≤–∞—Ç—å —Å–ª–æ–∂–Ω—ã–π –∫–æ–¥ –∏–ª–∏ —Ü–µ–Ω–∞ –ø—Ä–æ–ø—É—â–µ–Ω–Ω–æ–π –æ—à–∏–±–∫–∏ —Å–ª–∏—à–∫–æ–º –≤—ã—Å–æ–∫–∞, –≥–æ—Ä–∞–∑–¥–æ –ø—Ä–æ—â–µ –∏—Å–ø–æ–ª—å–∑–æ–≤–∞—Ç—å —Å–ø–µ—Ü–∏–∞–ª—å–Ω—ã–µ –∏–Ω—Å—Ç—Ä—É–º–µ–Ω—Ç—ã. –ù–∞–ø—Ä–∏–º–µ—Ä, —Å—Ç–∞—Ç–∏—á–µ—Å–∫–∏–π –∞–Ω–∞–ª–∏–∑–∞—Ç–æ—Ä –∫–æ–¥–∞. –û–Ω ¬´–∏–∑—É—á–∞–µ—Ç¬ª –∫–æ–¥ –±–µ–∑ –µ–≥–æ —Ä–µ–∞–ª—å–Ω–æ–≥–æ –≤—ã–ø–æ–ª–Ω–µ–Ω–∏—è –∏ –¥–µ–ª–∞–µ—Ç —ç—Ç–æ –ø–æ–¥—Ä–æ–±–Ω–µ–µ, —á–µ–º –∫–æ–º–ø–∏–ª—è—Ç–æ—Ä, –∫–æ—Ç–æ—Ä—ã–π –æ–±—ã—á–Ω–æ –Ω–∞—Ö–æ–¥–∏—Ç —Ç–æ–ª—å–∫–æ —Å–∏–Ω—Ç–∞–∫—Å–∏—á–µ—Å–∫–∏–µ –æ—à–∏–±–∫–∏.

–ê —Å—Ç–∞—Ç–∏—á–µ—Å–∫–∏–π –∞–Ω–∞–ª–∏–∑–∞—Ç–æ—Ä –∫–æ–¥–∞ PVS-Studio –¥–µ–ª–∞–µ—Ç –µ—â—ë –±–æ–ª—å—à–µ: –æ–Ω —É–ª—É—á—à–∞–µ—Ç –∫–∞—á–µ—Å—Ç–≤–æ, –∑–∞—â–∏—â–µ–Ω–Ω–æ—Å—Ç—å (SAST), –±–µ–∑–æ–ø–∞—Å–Ω–æ—Å—Ç—å –∫–æ–¥–∞, –Ω–∞—Ö–æ–¥–∏—Ç –æ—à–∏–±–∫–∏ –∏ –ø–æ—Ç–µ–Ω—Ü–∏–∞–ª—å–Ω—ã–µ —É—è–∑–≤–∏–º–æ—Å—Ç–∏. PVS-Studio –ø–æ–¥–¥–µ—Ä–∂–∏–≤–∞–µ—Ç C, C++, C#, Java –∏ —Ä–∞–±–æ—Ç–∞–µ—Ç –Ω–∞ Windows, macOS –∏ Linux.

–ù–∞ —Å–∞–π—Ç–µ –µ—Å—Ç—å –æ–∑–Ω–∞–∫–æ–º–∏—Ç–µ–ª—å–Ω–∞—è –≤–µ—Ä—Å–∏—è –Ω–∞ 7 –¥–Ω–µ–π, –∞ –ø–æ –ø—Ä–æ–º–æ–∫–æ–¥—É tproger –º–æ–∂–Ω–æ –ø–æ–ª—É—á–∏—Ç—å –ø–æ–ª–Ω–æ—Ü–µ–Ω–Ω—É—é 30-–¥–Ω–µ–≤–Ω—É—é –ª–∏—Ü–µ–Ω–∑–∏—é!

–ü—Ä–æ—Å—Ç–æ –ø–æ–ø—Ä–æ–±—É–π—Ç–µ PVS-Studio –≤ —Ä–∞–±–æ—Ç–µ, –∏ –Ω–∞–ø–∏—Å–∞–Ω–∏–µ –∏ –æ—Ç–ª–∞–¥–∫–∞ –∫–æ–¥–∞ —Å—Ç–∞–Ω–µ—Ç –≥–æ—Ä–∞–∑–¥–æ –ø—Ä–æ—â–µ –∏ —Ç–æ—á–Ω–µ–µ: https://tprg.ru/KdWI

–†–µ–∫–ª–∞–º–∞ –û–û–û ¬´–ü–í–°¬ª LjN8Jy2Lh",Advertisement
"‚Äã–ü—Ä–µ–¥—Å—Ç–∞–≤–ª—è–µ—Ç–µ —Å–∫–æ–ª—å–∫–æ –ø–æ–ª—É—á–∞—é—Ç IT-—à–Ω–∏–∫–∏? –ü—Ä–∏—á—ë–º –¥–∞–∂–µ —Ç–µ, –∫—Ç–æ –≤–æ–æ–±—â–µ –Ω–µ —É–º–µ—é—Ç –ø—Ä–æ–≥—Ä–∞–º–º–∏—Ä–æ–≤–∞—Ç—å –∏ –∑–∞ –≤—Å—é –∂–∏–∑–Ω—å –Ω–∏ —Å—Ç—Ä–æ—á–∫–∏ –∫–æ–¥–∞ –Ω–µ –Ω–∞–ø–∏—Å–∞–ª–∏

–°—Ä–µ–¥–Ω—è—è –∑–ø –≤ IT ‚Äî 140 —Ç—ã—Å. (–ø–æ –¥–∞–Ω–Ω—ã–º HH). –ù–æ–≤–∏—á–∫–∏ –ø–æ–ª—É—á–∞—é—Ç –æ—Ç 70 —Ç—ã—Å. –ü—Ä–∏ —ç—Ç–æ–º –∏–º–µ—é—Ç –∫—É—á—É –ª—å–≥–æ—Ç, —É–¥–∞–ª—ë–Ω–∫—É –∏ —Å–≤–æ–±–æ–¥–Ω—ã–π –≥—Ä–∞—Ñ–∏–∫.

–°–µ–π—á–∞—Å IT-–∫–æ–º–ø–∞–Ω–∏–∏ –≥–æ—Ç–æ–≤—ã –±—Ä–∞—Ç—å –¥–∞–∂–µ —Å–æ–≤—Å–µ–º –∑–µ–ª—ë–Ω—ã—Ö –Ω–æ–≤–∏—á–∫–æ–≤, –±–µ–∑ –¥–∏–ø–ª–æ–º–æ–≤ –∏ –æ–ø—ã—Ç–∞ —Ä–∞–±–æ—Ç—ã. –ò —Ç–∞–∫–∏–º –Ω–æ–≤–∏—á–∫–æ–º –º–æ–∂–µ—Ç–µ —Å—Ç–∞—Ç—å –≤—ã.

–°–µ–≥–æ–¥–Ω—è —Å—Ç–∞—Ä—Ç—É–µ—Ç –±–µ—Å–ø–ª–∞—Ç–Ω—ã–π –º–∞—Ä–∞—Ñ–æ–Ω! –ü—Ä–∏—Ö–æ–¥–∏—Ç–µ  —á—Ç–æ–±—ã —É–∑–Ω–∞—Ç—å –∫–∞–∫ –ø–æ–ø–∞—Å—Ç—å –≤ –∫—Ä—É–ø–Ω—É—é IT-–∫–æ–º–ø–∞–Ω–∏—é, –ø–æ–æ–±—â–∞—Ç—å—Å—è —Å –ø—Ä–æ—Ñ–µ—Å—Å–∏–æ–Ω–∞–ª–∞–º–∏ –æ–± –∏—Ö –æ–ø—ã—Ç–µ –∏ —Ä–∞–∑–æ–±—Ä–∞—Ç—å—Å—è –≤ —Ç–æ–º, –∫–∞–∫–∞—è –∏–º–µ–Ω–Ω–æ –ø—Ä–æ—Ñ–µ—Å—Å–∏—è –≤–∞–º –ø–æ–¥—Ö–æ–¥–∏—Ç: https://tprg.ru/FAEh

–†–µ–∫–ª–∞–º–∞ –û–ê–ù–û –î–ü–û ¬´–°–∫–∞—ç–Ω–≥¬ª",Advertisement
"‚Äã–°–æ–≤—Å–µ–º —Å–∫–æ—Ä–æ –ø—Ä–æ–π–¥—ë—Ç –æ–¥–Ω–∞ –∏–∑ –∫—Ä—É–ø–Ω–µ–π—à–∏—Ö –∫–æ–Ω—Ñ–µ—Ä–µ–Ω—Ü–∏–π –ø–æ PostgreSQL –≤ –†–æ—Å—Å–∏–∏!

PGConf.Russia 2023 ‚Äî —ç—Ç–æ —é–±–∏–ª–µ–π–Ω–∞—è –¥–µ—Å—è—Ç–∞—è –∫–æ–Ω—Ñ–µ—Ä–µ–Ω—Ü–∏—è —Ä–æ—Å—Å–∏–π—Å–∫–æ–≥–æ —Å–æ–æ–±—â–µ—Å—Ç–≤–∞ PostgreSQL. –ë–æ–ª—å—à–µ 700 —Ä–∞–∑—Ä–∞–±–æ—Ç—á–∏–∫–æ–≤, –∞–¥–º–∏–Ω–∏—Å—Ç—Ä–∞—Ç–æ—Ä–æ–≤ –±–∞–∑ –¥–∞–Ω–Ω—ã—Ö –∏ IT-—Å–ø–µ—Ü–∏–∞–ª–∏—Å—Ç–æ–≤ —Å–æ–±–µ—Ä—É—Ç—Å—è –¥–ª—è –æ–±–º–µ–Ω–∞ –æ–ø—ã—Ç–æ–º.

–í –ø—Ä–æ–≥—Ä–∞–º–º–µ ‚Äî –¥–æ–∫–ª–∞–¥—ã –≤ –¥–≤–∞ –ø–æ—Ç–æ–∫–∞ –≤ —Ç–µ—á–µ–Ω–∏–µ –¥–≤—É—Ö –¥–Ω–µ–π, –±–ª–∏—Ü-–¥–æ–∫–ª–∞–¥—ã –∏–∑ –∑–∞–ª–∞, –∂–∏–≤–æ–µ –æ–±—â–µ–Ω–∏–µ –Ω–∞ –∫–æ—Ñ–µ-–±—Ä–µ–π–∫–∞—Ö –∏ —Ñ—É—Ä—à–µ—Ç–µ.

–ö–æ–≥–¥–∞: 3-4 –∞–ø—Ä–µ–ª—è 2023
–ì–¥–µ: –ë–¶ ¬´–†—ç–¥–∏—Å—Å–æ–Ω –°–ª–∞–≤—è–Ω—Å–∫–∞—è¬ª, –ú–æ—Å–∫–≤–∞
–§–æ—Ä–º–∞—Ç: –æ—Ñ–ª–∞–π–Ω/–æ–Ω–ª–∞–π–Ω.

–†–µ–≥–∏—Å—Ç—Ä–∏—Ä—É–π—Ç–µ—Å—å –ø–æ —Å—Å—ã–ª–∫–µ: https://pgconf.ru/2023

–†–µ–∫–ª–∞–º–∞ –û–û–û ¬´–ü–ü–ì¬ª LjN8K7hpM",Advertisement
"–ß–¢–û –ü–†–û–ò–ó–û–®–õ–û –° –Ø–ù–î–ï–ö–°–û–ú?

–ë–æ–ª—å—à–∞—è –∫–æ—Ä–ø–æ—Ä–∞—Ü–∏—è, –∫–∞–∫ –æ–±—ã—á–Ω–æ, –ø–æ–ø—ã—Ç–∞–ª–∞—Å—å –ø—Ä–æ–≥–Ω—É—Ç—å –º–∞–ª–µ–Ω—å–∫–∏—Ö –ø–∞—Ä—Ç–Ω—ë—Ä–æ–≤ –∑–∞ —Å—á—ë—Ç ""–∏–º–µ–Ω–∏"". 

–ú—ã 3 –º–µ—Å—è—Ü–∞ –±–µ—Å–ø–ª–∞—Ç–Ω–æ —Ä–∞–∑—Ä–∞–±–∞—Ç—ã–≤–∞–ª–∏ –∫—É—Ä—Å, —è –±–µ—Å–ø–ª–∞—Ç–Ω–æ –æ—Ç—á–∏—Ç—ã–≤–∞–ª –ª–µ–∫—Ü–∏–∏, –∞ –∫–æ–º–∞–Ω–¥–∞ –º–µ–Ω—Ç–æ—Ä–æ–≤ –Ø–Æ–Ω–∏–æ—Ä –∑–∞ –º–æ–π —Å—á—ë—Ç –ø–æ–º–æ–≥–∞–ª–∞ —É—á–µ–Ω–∏–∫–∞–º. 

–ù–∞—à–∏–º –ø—Ä–æ–µ–∫—Ç–∞–º –≤–∑–∞–º–µ–Ω –¥–æ–ª–∂–Ω—ã –±—ã–ª–∏ –ø–æ–º–æ—á—å –Ω–∞ –Ø–Ω–¥–µ–∫—Å.–ò–≥—Ä–∞—Ö, —Å–µ–π—á–∞—Å –æ—Ç–≤–µ—Ç—Å—Ç–≤–µ–Ω–Ω—ã–π –º–µ–Ω–µ–¥–∂–µ—Ä –∑–∞—è–≤–ª—è–µ—Ç, —á—Ç–æ –Ω–∏–∫–∞–∫–∏—Ö –¥–æ–≥–æ–≤–æ—Ä—ë–Ω–Ω–æ—Å—Ç–µ–π –Ω–µ –±—ã–ª–æ –∏ ""–≤—ã –≤—Å—ë –Ω–µ —Ç–∞–∫ –ø–æ–Ω—è–ª–∏"". 

–¢–æ–≥–¥–∞ —É –º–µ–Ω—è –≤–æ–∑–Ω–∏–∫–∞—é—Ç –≤–æ–ø—Ä–æ—Å—ã: 
1) –ü–æ—á–µ–º—É –º—ã —Ä–∞–±–æ—Ç–∞–ª–∏ –Ω–µ—Å–∫–æ–ª—å–∫–æ –º–µ—Å—è—Ü–µ–≤ –±–µ—Å–ø–ª–∞—Ç–Ω–æ? 
2) –ü–æ—á–µ–º—É, –∫–æ–≥–¥–∞ –±—ã–ª–∏ —Ç–æ—Ä–≥–∏ –ø—Ä–æ –∫–æ–ª–∏—á–µ—Å—Ç–≤–æ –º–µ–Ω—Ç–æ—Ä–æ–≤ –¥–ª—è –∫—É—Ä—Å–∞, –±—ã–ª–∏ –æ—Ä–≥–∞–Ω–∏–∑–æ–≤–∞–Ω—ã —Å–æ–∑–≤–æ–Ω—ã –∏ –¥–∞–Ω—ã –∫–æ–Ω–∫—Ä–µ—Ç–Ω—ã–µ –æ–±–µ—â–∞–Ω–∏—è? 
3) –ü–æ—á–µ–º—É, –∫–æ–≥–¥–∞ —á–µ—Ä–µ–∑ –º–µ—Å—è—Ü –ø–æ—Å–ª–µ –Ω–∞—á–∞–ª–∞ –Ω–µ –±—ã–ª–æ –Ω–∏—á–µ–≥–æ —Å–¥–µ–ª–∞–Ω–æ, –∏ —è –Ω–∞ —Å–æ–≤–µ—â–∞–Ω–∏–∏ —Å–∫–∞–∑–∞–ª –æ–± —ç—Ç–æ–º, —Ç–æ –≤—ã –∑–∞—Å—É–µ—Ç–∏–ª–∏—Å—å –∏ –Ω–∞—á–∞–ª–∏ –¥–µ–ª–∞—Ç—å —Ç–∞–∫, –∫–∞–∫ –º—ã –¥–æ–≥–æ–≤–∞—Ä–∏–≤–∞–ª–∏—Å—å? 

–î–æ–≥–æ–≤–æ—Ä—ë–Ω–Ω–æ—Å—Ç–µ–π –∂–µ –Ω–µ –±—ã–ª–æ? –ò–ª–∏ –±—ã–ª–∏, –Ω–æ –∫—Ç–æ-—Ç–æ –≤—Å—ë-—Ç–∞–∫–∏ –∏—Ö –ø—Ä–æ–µ*–∞–ª, –∞ —Ç–µ–ø–µ—Ä—å —Å–ø–∞—Å–∞–µ—Ç —Å–≤–æ—é –∂–æ–ø—É? 

–¢–∞–º –Ω–µ —à–ª–æ —Ä–µ—á–∏ –æ –∫–∞–∫–∏—Ö-—Ç–æ –ø—Ä–µ—Ñ–µ—Ä–µ–Ω—Ü–∏—è—Ö, –µ—Å–ª–∏ –∏–≥—Ä–∞ —Å–ª–∞–±–∞—è, —Ç–æ —Ç–æ–ª–∫–∞—Ç—å –µ—ë –Ω–∏–∫—É–¥–∞ –Ω–µ –Ω–∞–¥–æ. –ú—ã –ø—Ä–æ—Å–∏–ª–∏: –¥–∞–π—Ç–µ –Ω–∞–º –ø—Ä–æ–∑—Ä–∞—á–Ω—É—é –∞–Ω–∞–ª–∏—Ç–∏–∫—É, –ø–æ–º–æ–≥–∏—Ç–µ —Å –∞—É–¥–∏—Ç–æ–º –º–æ–Ω–µ—Ç–∏–∑–∞—Ü–∏–∏ –≤ –∏–≥—Ä–∞—Ö, –¥–∞–≤–∞–π—Ç–µ –ø–æ–¥—É–º–∞–µ–º, –∫–∞–∫ –ª—É—á—à–µ –∏–Ω—Ç–µ–≥—Ä–∏—Ä–æ–≤–∞—Ç—å InApp –ø–ª–∞—Ç–µ–∂–∏, –∫–∞–∫ –ª—É—á—à–µ –∑–∞–∫—É–ø–∞—Ç—å –∫ –≤–∞–º –Ω–∞ –ø–ª–∞—Ç—Ñ–æ—Ä–º—É —Ç—Ä–∞—Ñ–∏–∫, –∫–∞–∫ –æ–ø—Ç–∏–º–∏–∑–∏—Ä–æ–≤–∞—Ç—å –ø—Ä–æ–º–æ-–º–∞—Ç–µ—Ä–∏–∞–ª—ã. 

–ï—Å–ª–∏ –∏–≥—Ä—ã –Ω–µ –ø–æ–Ω—Ä–∞–≤–∏–ª–∏—Å—å –∏ –≤—ã –Ω–µ —Ö–æ—Ç–∏—Ç–µ —Å –Ω–∞–º–∏ —Ä–∞–±–æ—Ç–∞—Ç—å - –Ω—É —Ç–∞–∫ –∏ —Å–∫–∞–∂–∏—Ç–µ, –∏ –º—ã –ø–æ–π–¥—ë–º —Å–≤–æ–µ–π –¥–æ—Ä–æ–≥–æ–π. –ó–∞—á–µ–º –º–æ—Ä–æ–∑–∏—Ç—å? –ó–∞—á–µ–º —Ç—Ä–µ–±–æ–≤–∞—Ç—å –æ—Ç –Ω–∞—Å –Ω–∞—à—É —Ä–∞–±–æ—Ç—É, –∞ —Å–∞–º–∏–º –ø—Ä–∏ —ç—Ç–æ–º –Ω–∏—á–µ–≥–æ –Ω–µ –¥–µ–ª–∞—Ç—å? 

–Ø –≤ —Ç–µ—Ä–ø–∏–ª—É –∏–≥—Ä–∞—Ç—å –Ω–µ —Å–æ–±–∏—Ä–∞—é—Å—å, –ø–æ—ç—Ç–æ–º—É –º—ã —Å–Ω–∏–º–∞–µ–º –≤—Å—é –∫–æ–º–∞–Ω–¥—É –º–µ–Ω—Ç–æ—Ä–æ–≤, –∏ –∫—É—Ä—Å —è –ø—Ä–æ–¥–æ–ª–∂–∞—Ç—å –Ω–µ —Å–æ–±–∏—Ä–∞—é—Å—å. 

–î–∞, —è –ø–æ—Ç–µ—Ä—è–ª –Ω–∞ —ç—Ç–æ–π –∏—Å—Ç–æ—Ä–∏–∏ –Ω–µ—Å–∫–æ–ª—å–∫–æ –º–∏–ª–ª–∏–æ–Ω–æ–≤ —Ä—É–±–ª–µ–π, –Ω–æ –∑–∞—Ä–∞–±–æ—Ç–∞—é –µ—â–µ, —ç—Ç–æ –Ω–µ –ø—Ä–æ–±–ª–µ–º–∞. –Ø –¥–∞–∂–µ –Ω–µ –æ–±–∏–∂–∞—é—Å—å, –ø–æ—Ç–æ–º—É —á—Ç–æ –≤ —Ç–∞–∫–æ–π –±–æ–ª—å—à–æ–π –∫–æ–º–ø–∞–Ω–∏–∏ –ø–æ-–ª—é–±–æ–º—É –±—É–¥–µ—Ç –∞–±—Å–æ–ª—é—Ç–Ω–æ –Ω–µ–∞–¥–µ–∫–≤–∞—Ç–Ω—ã–π ""–ú–µ–Ω–µ–¥–∂–µ—Ä —Å–ø–µ—Ü–∏–∞–ª—å–Ω—ã—Ö –ø—Ä–æ–µ–∫—Ç–æ–≤"", –∫–æ—Ç–æ—Ä—ã–π –∫—Ä–æ–º–µ –∫–∞–∫ –≤—Ä–∞—Ç—å –∏ –ø–µ—Ä–µ–æ–±—É–≤–∞—Ç—å—Å—è –Ω–∏—á–µ–≥–æ –±–æ–ª—å—à–µ –Ω–µ —É–º–µ–µ—Ç. 

–í–æ –≤—Å–µ–π —ç—Ç–æ–π –∏—Å—Ç–æ—Ä–∏–∏ –º–Ω–µ –∂–∞–ª–∫–æ —É—á–µ–Ω–∏–∫–æ–≤, –∫–æ—Ç–æ—Ä—ã–µ –Ω–∞—á–∞–ª–∏ –æ–±—É—á–µ–Ω–∏–µ, –∞ –æ–Ω–æ —Å–µ–π—á–∞—Å –ø—Ä–µ—Ä—ã–≤–∞–µ—Ç—Å—è –Ω–∞ —Ç–∞–∫–æ–π –Ω–µ–ø—Ä–∏—è—Ç–Ω–æ–π –Ω–æ—Ç–µ. –Ø –Ω–µ —Ö–æ—á—É, —á—Ç–æ–±—ã –±—ã–ª–æ —Ç–∞–∫, –ø–æ—ç—Ç–æ–º—É –Ω–∞ –¥–Ω—è—Ö –±–µ—Å–ø–ª–∞—Ç–Ω–æ –ø–ª–∞–Ω–∏—Ä—É—é –≤—ã–ª–æ–∂–∏—Ç—å –≤–µ—Å—å –∫—É—Ä—Å –Ω–∞ YouTube –∏ –¥–ª—è –≤—Å–µ—Ö –∂–µ–ª–∞—é—â–∏—Ö —Å–¥–µ–ª–∞—Ç—å –±–µ—Å–ø–ª–∞—Ç–Ω–æ–µ –º–µ–Ω—Ç–æ—Ä—Å—Ç–≤–æ –Ω–∞ 1 –Ω–µ–¥–µ–ª—é. 

–ß—Ç–æ –¥—É–º–∞–µ—Ç–µ?",Not Advertisement
"‚Äã–ö–∞–∫–∏–º–∏ –Ω–∞–≤—ã–∫–∞–º–∏ –¥–æ–ª–∂–µ–Ω –æ–±–ª–∞–¥–∞—Ç—å IT-–∞—Ä—Ö–∏—Ç–µ–∫—Ç–æ—Ä ‚Äî —Å–ø–µ—Ü–∏–∞–ª–∏—Å—Ç, –æ—Ç–≤–µ—á–∞—é—â–∏–π –∑–∞ –ø—Ä–æ–µ–∫—Ç–∏—Ä–æ–≤–∞–Ω–∏–µ —Ñ—É–Ω–∫—Ü–∏–æ–Ω–∞–ª—å–Ω—ã—Ö —á–∞—Å—Ç–µ–π –ø—Ä–æ–¥—É–∫—Ç–∞? 

–†–∞—Å—Å–∫–∞–∂–µ—Ç –í–ª–∞–¥–∏–º–∏—Ä –ì—Ä–∏–≥–æ—Ä—å–µ–≤, –∞—Ä—Ö–∏—Ç–µ–∫—Ç–æ—Ä —Å—Ç—Ä–∏–º–∞ ¬´–†–æ–∑–Ω–∏—á–Ω—ã–π –ú–∏–¥–¥–ª¬ª, –Ω–∞ –±–ª–∏–∂–∞–π—à–µ–π –ª–µ–∫—Ü–∏–∏ Digital –õ–µ–∫—Ç–æ—Ä–∏—è –ì–∞–∑–ø—Ä–æ–º–±–∞–Ω–∫–∞.

–ö–æ–≥–¥–∞: 2 –º–∞—Ä—Ç–∞, 18:00 (–ø–æ –ú–°–ö)

–û —á–µ–º: –æ–± –∏—Å—Ç–æ—Ä–∏–∏ –∏ –ø—Ä–∏—á–∏–Ω–∞—Ö –ø–æ—è–≤–ª–µ–Ω–∏—è —Å–ø–µ—Ü–∏–∞–ª—å–Ω–æ—Å—Ç–∏ –ò–¢-–∞—Ä—Ö–∏—Ç–µ–∫—Ç–æ—Ä–∞, —Ä–∞–∑–Ω—ã—Ö –≤–∏–¥–∞—Ö —Å–ø–µ—Ü–∏–∞–ª–∏—Å—Ç–æ–≤ –∏ —Ç—Ä–µ–±–æ–≤–∞–Ω–∏—è—Ö –∫ –Ω–∏–º, —Ä–∞–±–æ—á–∏—Ö –∑–∞–¥–∞—á–∞—Ö –∏ –æ—Ä–≥–∞–Ω–∏–∑–∞—Ü–∏–∏ —Ä–∞–±–æ—Ç—ã, –∞ —Ç–∞–∫–∂–µ —Ä–æ–ª–∏ –ò–¢-–∞—Ä—Ö–∏—Ç–µ–∫—Ç–æ—Ä–æ–≤ –≤ –ì–∞–∑–ø—Ä–æ–º–±–∞–Ω–∫–µ.

–ü—Ä–∏—Å–æ–µ–¥–∏–Ω—è–π—Ç–µ—Å—å –∫ –ª–µ–∫—Ü–∏–∏, —á—Ç–æ–±—ã —É–∑–Ω–∞—Ç—å –±–æ–ª—å—à–µ –æ –ø—Ä–æ—Ñ–µ—Å—Å–∏–∏ IT-–∞—Ä—Ö–∏—Ç–µ–∫—Ç–æ—Ä–∞. –†–µ–≥–∏—Å—Ç—Ä–∞—Ü–∏—è –æ—Ç–∫—Ä—ã—Ç–∞: https://tprg.ru/Vokr

–†–µ–∫–ª–∞–º–∞ –ë–∞–Ω–∫ –ì–ü–ë (–ê–û) LjN8KKAUQ",Advertisement
"‚Äã–ö–∞–∫–∏–º–∏ –Ω–∞–≤—ã–∫–∞–º–∏ –¥–æ–ª–∂–µ–Ω –æ–±–ª–∞–¥–∞—Ç—å IT-–∞—Ä—Ö–∏—Ç–µ–∫—Ç–æ—Ä ‚Äî —Å–ø–µ—Ü–∏–∞–ª–∏—Å—Ç, –æ—Ç–≤–µ—á–∞—é—â–∏–π –∑–∞ –ø—Ä–æ–µ–∫—Ç–∏—Ä–æ–≤–∞–Ω–∏–µ —Ñ—É–Ω–∫—Ü–∏–æ–Ω–∞–ª—å–Ω—ã—Ö —á–∞—Å—Ç–µ–π –ø—Ä–æ–¥—É–∫—Ç–∞? 

–†–∞—Å—Å–∫–∞–∂–µ—Ç –í–ª–∞–¥–∏–º–∏—Ä –ì—Ä–∏–≥–æ—Ä—å–µ–≤, –∞—Ä—Ö–∏—Ç–µ–∫—Ç–æ—Ä —Å—Ç—Ä–∏–º–∞ ¬´–†–æ–∑–Ω–∏—á–Ω—ã–π –ú–∏–¥–¥–ª¬ª, –Ω–∞ –±–ª–∏–∂–∞–π—à–µ–π –ª–µ–∫—Ü–∏–∏ Digital –õ–µ–∫—Ç–æ—Ä–∏—è –ì–∞–∑–ø—Ä–æ–º–±–∞–Ω–∫–∞.

–ö–æ–≥–¥–∞: 2 –º–∞—Ä—Ç–∞, 18:00 (–ø–æ –ú–°–ö)

–û —á–µ–º: –æ–± –∏—Å—Ç–æ—Ä–∏–∏ –∏ –ø—Ä–∏—á–∏–Ω–∞—Ö –ø–æ—è–≤–ª–µ–Ω–∏—è —Å–ø–µ—Ü–∏–∞–ª—å–Ω–æ—Å—Ç–∏ –ò–¢-–∞—Ä—Ö–∏—Ç–µ–∫—Ç–æ—Ä–∞, —Ä–∞–∑–Ω—ã—Ö –≤–∏–¥–∞—Ö —Å–ø–µ—Ü–∏–∞–ª–∏—Å—Ç–æ–≤ –∏ —Ç—Ä–µ–±–æ–≤–∞–Ω–∏—è—Ö –∫ –Ω–∏–º, —Ä–∞–±–æ—á–∏—Ö –∑–∞–¥–∞—á–∞—Ö –∏ –æ—Ä–≥–∞–Ω–∏–∑–∞—Ü–∏–∏ —Ä–∞–±–æ—Ç—ã, –∞ —Ç–∞–∫–∂–µ —Ä–æ–ª–∏ –ò–¢-–∞—Ä—Ö–∏—Ç–µ–∫—Ç–æ—Ä–æ–≤ –≤ –ì–∞–∑–ø—Ä–æ–º–±–∞–Ω–∫–µ.

–ü—Ä–∏—Å–æ–µ–¥–∏–Ω—è–π—Ç–µ—Å—å –∫ –ª–µ–∫—Ü–∏–∏, —á—Ç–æ–±—ã —É–∑–Ω–∞—Ç—å –±–æ–ª—å—à–µ –æ –ø—Ä–æ—Ñ–µ—Å—Å–∏–∏ IT-–∞—Ä—Ö–∏—Ç–µ–∫—Ç–æ—Ä–∞. –†–µ–≥–∏—Å—Ç—Ä–∞—Ü–∏—è –æ—Ç–∫—Ä—ã—Ç–∞: https://tprg.ru/Vokr

–†–µ–∫–ª–∞–º–∞ –ë–∞–Ω–∫ –ì–ü–ë (–ê–û) LjN8KKAUQ",Advertisement
"‚Äã–ö–∞–∫–∏–º–∏ –Ω–∞–≤—ã–∫–∞–º–∏ –¥–æ–ª–∂–µ–Ω –æ–±–ª–∞–¥–∞—Ç—å IT-–∞—Ä—Ö–∏—Ç–µ–∫—Ç–æ—Ä ‚Äî —Å–ø–µ—Ü–∏–∞–ª–∏—Å—Ç, –æ—Ç–≤–µ—á–∞—é—â–∏–π –∑–∞ –ø—Ä–æ–µ–∫—Ç–∏—Ä–æ–≤–∞–Ω–∏–µ —Ñ—É–Ω–∫—Ü–∏–æ–Ω–∞–ª—å–Ω—ã—Ö —á–∞—Å—Ç–µ–π –ø—Ä–æ–¥—É–∫—Ç–∞? 

–†–∞—Å—Å–∫–∞–∂–µ—Ç –í–ª–∞–¥–∏–º–∏—Ä –ì—Ä–∏–≥–æ—Ä—å–µ–≤, –∞—Ä—Ö–∏—Ç–µ–∫—Ç–æ—Ä —Å—Ç—Ä–∏–º–∞ ¬´–†–æ–∑–Ω–∏—á–Ω—ã–π –ú–∏–¥–¥–ª¬ª, –Ω–∞ –±–ª–∏–∂–∞–π—à–µ–π –ª–µ–∫—Ü–∏–∏ Digital –õ–µ–∫—Ç–æ—Ä–∏—è –ì–∞–∑–ø—Ä–æ–º–±–∞–Ω–∫–∞.

–ö–æ–≥–¥–∞: 2 –º–∞—Ä—Ç–∞, 18:00 (–ø–æ –ú–°–ö)

–û —á–µ–º: –æ–± –∏—Å—Ç–æ—Ä–∏–∏ –∏ –ø—Ä–∏—á–∏–Ω–∞—Ö –ø–æ—è–≤–ª–µ–Ω–∏—è —Å–ø–µ—Ü–∏–∞–ª—å–Ω–æ—Å—Ç–∏ –ò–¢-–∞—Ä—Ö–∏—Ç–µ–∫—Ç–æ—Ä–∞, —Ä–∞–∑–Ω—ã—Ö –≤–∏–¥–∞—Ö —Å–ø–µ—Ü–∏–∞–ª–∏—Å—Ç–æ–≤ –∏ —Ç—Ä–µ–±–æ–≤–∞–Ω–∏—è—Ö –∫ –Ω–∏–º, —Ä–∞–±–æ—á–∏—Ö –∑–∞–¥–∞—á–∞—Ö –∏ –æ—Ä–≥–∞–Ω–∏–∑–∞—Ü–∏–∏ —Ä–∞–±–æ—Ç—ã, –∞ —Ç–∞–∫–∂–µ —Ä–æ–ª–∏ –ò–¢-–∞—Ä—Ö–∏—Ç–µ–∫—Ç–æ—Ä–æ–≤ –≤ –ì–∞–∑–ø—Ä–æ–º–±–∞–Ω–∫–µ.

–ü—Ä–∏—Å–æ–µ–¥–∏–Ω—è–π—Ç–µ—Å—å –∫ –ª–µ–∫—Ü–∏–∏, —á—Ç–æ–±—ã —É–∑–Ω–∞—Ç—å –±–æ–ª—å—à–µ –æ –ø—Ä–æ—Ñ–µ—Å—Å–∏–∏ IT-–∞—Ä—Ö–∏—Ç–µ–∫—Ç–æ—Ä–∞. –†–µ–≥–∏—Å—Ç—Ä–∞—Ü–∏—è –æ—Ç–∫—Ä—ã—Ç–∞: https://tprg.ru/Vokr

–†–µ–∫–ª–∞–º–∞ –ë–∞–Ω–∫ –ì–ü–ë (–ê–û) LjN8KKAUQ",Advertisement
"–ê–∞—Ä–æ–Ω –ö–µ–ª–ª–µ—Ä —Ä–∞—Å—Å–∫–∞–∑–∞–ª –æ –≥–ª–∞–≤–Ω—ã—Ö –∏–∑–º–µ–Ω–µ–Ω–∏—è—Ö, –∫–æ—Ç–æ—Ä—ã–µ –∂–¥—É—Ç –°–æ—Ä–µ–≤–Ω–æ–≤–∞—Ç–µ–ª—å–Ω—É—é –∏–≥—Ä—É –≤ 4 —Å–µ–∑–æ–Ω–µ

‚Ä¢ –° 4 —Å–µ–∑–æ–Ω–∞ –∏–∑ –∏–≥—Ä—ã —É–±–µ—Ä—É—Ç —á–∞—Å—Ç–∏—á–Ω—ã–π —Å–±—Ä–æ—Å —Ä–µ–π—Ç–∏–Ω–≥–∞ –≤ –Ω–∞—á–∞–ª–µ –∫–∞–∂–¥–æ–≥–æ —Ä–µ–π—Ç–∏–Ω–≥–æ–≤–æ–≥–æ —Å–µ–∑–æ–Ω–∞.
‚Ä¢ –£ –∏–≥—Ä–æ–∫–æ–≤ –±—É–¥–µ—Ç –±–æ–ª–µ–µ —á–µ—Ç–∫–æ–µ –≤–∏–¥–µ–Ω–∏–µ —Ç–æ–≥–æ, –∫–∞–∫ –º–µ–Ω—è–µ—Ç—Å—è –∏—Ö —Ä–µ–π—Ç–∏–Ω–≥ –æ—Ç —Å–µ–∑–æ–Ω–∞ –∫ —Å–µ–∑–æ–Ω—É. –ú–æ–∂–Ω–æ –±—É–¥–µ—Ç –ø–æ—Å–º–æ—Ç—Ä–µ—Ç—å —Å–≤–æ–π –ø—Ä–æ–≥—Ä–µ—Å—Å –Ω–∞ –ø—É—Ç–∏ –∫ –Ω–æ–≤–æ–º—É —Ä–∞–Ω–≥—É –∏ –≤—Å–µ –ø–æ–±–µ–¥—ã –∏ –ø–æ—Ä–∞–∂–µ–Ω–∏—è.

¬´–ú—ã –ø–æ-–ø—Ä–µ–∂–Ω–µ–º—É –æ–±—Å—É–∂–¥–∞–µ–º —Å–∏—Å—Ç–µ–º—É —Å–±—Ä–æ—Å–∞ —Ä–µ–π—Ç–∏–Ω–≥–∞, ‚Äî –ø–æ–¥–µ–ª–∏–ª—Å—è –ö–µ–ª–ª–µ—Ä. ‚Äî–í–æ–∑–º–æ–∂–Ω–æ, –µ–π –µ—Å—Ç—å –º–µ—Å—Ç–æ –≤ OW2, –Ω–æ –≤ –∫–∞–∫–æ–π-—Ç–æ –¥—Ä—É–≥–æ–π —Ñ–æ—Ä–º–µ. –ß—Ç–æ, –µ—Å–ª–∏ –¥–µ–ª–∞—Ç—å —á–∞—Å—Ç–∏—á–Ω—ã–π —Å–±—Ä–æ—Å —Ä–µ–π—Ç–∏–Ω–≥–∞ –ø–æ—Å–ª–µ –∫–∞–∫–æ–≥–æ-—Ç–æ –¥–æ–ª–≥–æ —Å—Ä–æ–∫–∞ (–Ω–∞–ø—Ä–∏–º–µ—Ä, —Ä–∞–∑ –≤ –≥–æ–¥?) –∏ —Ç–æ–ª—å–∫–æ –ø–æ—Å–ª–µ —Ç–æ–≥–æ, –∫–∞–∫ –≤ –∏–≥—Ä–µ –∏–ª–∏ —Å–æ—Ä–µ–≤–Ω–æ–≤–∞—Ç–µ–ª—å–Ω–æ–π —Å–∏—Å—Ç–µ–º–µ –ø—Ä–æ–∏–∑–æ—à–ª–∏ –∫–∞–∫–∏–µ-—Ç–æ —Å–µ—Ä—å–µ–∑–Ω—ã–µ –∏–∑–º–µ–Ω–µ–Ω–∏—è?

–ö—Ä–æ–º–µ —Ç–æ–≥–æ, –º—ã –¥—É–º–∞–µ–º, –∫–∞–∫ –¥–∞—Ç—å –∏–≥—Ä–æ–∫–∞–º –±–æ–ª—å—à–µ –∏–Ω—Ñ–æ—Ä–º–∞—Ü–∏–∏ –ø—Ä–æ –æ–±—â–∏–π —Ä–µ–π—Ç–∏–Ω–≥ –∫–æ–º–∞–Ω–¥ –∏ –∏—Ö –±–∞–ª–∞–Ω—Å. –ù–∞ –¥–∞–Ω–Ω—ã–π –º–æ–º–µ–Ω—Ç –º—ã —Ä–µ—à–∏–ª–∏, —á—Ç–æ –Ω–µ –±—É–¥–µ–º –ø–æ —É–º–æ–ª—á–∞–Ω–∏—é –ø–æ–∫–∞–∑—ã–≤–∞—Ç—å –∏–Ω–¥–∏–≤–∏–¥—É–∞–ª—å–Ω—ã–π —Ä–µ–π—Ç–∏–Ω–≥ –æ—Ç–¥–µ–ª—å–Ω–æ–≥–æ –∏–≥—Ä–æ–∫–∞¬ª",Not Advertisement
"Using the plugin pattern in a modularized codebase

–•–æ—Ä–æ—à–∏–π –ø—Ä–∏–º–µ—Ä –∏—Å–ø–æ–ª—å–∑–æ–≤–∞–Ω–∏—è –ø–∞—Ç—Ç–µ—Ä–Ω–∞ Plugin –≤ –º–Ω–æ–≥–æ–º–æ–¥—É–ª—å–Ω—ã—Ö –ø—Ä–æ–µ–∫—Ç–∞—Ö –¥–ª—è –º–µ–Ω—å—à–µ–π —Å–≤—è–∑–Ω–æ—Å—Ç–∏ –º–µ–∂–¥—É –º–æ–¥—É–ª—è–º–∏.

–ß–∏—Ç–∞—Ç—å (En)",Not Advertisement
"7 Jetpack Compose Projects to Become a Better Android Developer

–ï—â–µ –æ–¥–Ω–∞ –ø–æ–¥–±–æ—Ä–∫–∞ –ø—Ä–æ–µ–∫—Ç–æ–≤ —Ä–µ–∞–ª–∏–∑–æ–≤–∞–Ω–Ω—ã—Ö –Ω–∞ Jetpack Compose, –ø–µ—Ä–µ–Ω—è—Ç—å –æ–ø—ã—Ç –∏ –ø—Ä–æ–∫–∞—á–∞—Ç—å —Å–∫–∏–ª–ª.

üëâ Tivi
üëâ Stack
üëâ CoffeeDrinks
üëâ Newzz
üëâ JetSpotify
üëâ JetDelivery
üëâ RickNMortyCompose

–ß–∏—Ç–∞—Ç—å (En)",Not Advertisement
"20 –º–∞—è –ø—Ä–æ–π–¥–µ—Ç Naumen Java Meetup, –Ω–∞ –∫–æ—Ç–æ—Ä–æ–º –ø–æ–≥–æ–≤–æ—Ä–∏–º –æ –ø—Ä–æ–º—ã—à–ª–µ–Ω–Ω–æ–π —Ä–∞–∑—Ä–∞–±–æ—Ç–∫–µ java-–ø—Ä–∏–ª–æ–∂–µ–Ω–∏–π.

–ê —Ç–∞–∫–∂–µ —Ä–∞—Å—Å–∫–∞–∂–µ–º:
‚òïÔ∏è–ö–∞–∫ –ø–æ—à–∞–≥–æ–≤–æ –≤–Ω–µ–¥—Ä—è—Ç—å SonarQube –≤ —Å—É—â–µ—Å—Ç–≤—É—é—â–∏–π –ø—Ä–æ–µ–∫—Ç.
‚òïÔ∏è–ö–∞–∫–∏–µ –æ—Å–æ–±–µ–Ω–Ω–æ—Å—Ç–∏ –≤–æ–∑–Ω–∏–∫–∞—é—Ç –ø—Ä–∏ —Ä–∞–∑—Ä–∞–±–æ—Ç–∫–µ —Å—Ç—Ä—É–∫—Ç—É—Ä—ã –ë–î –¥–ª—è –∏—Å–ø–æ–ª—å–∑–æ–≤–∞–Ω–∏—è —Å JPA/Hibernate, –∞ —Ç–∞–∫–∂–µ –≤—ã–±–µ—Ä–µ–º –Ω–∞–∏–±–æ–ª–µ–µ –ø–æ–¥—Ö–æ–¥—è—â–∏–π –ø—Ä–æ—Ü–µ—Å—Å —Ä–∞–∑—Ä–∞–±–æ—Ç–∫–∏ —Å–ª–æ—è –¥–æ—Å—Ç—É–ø–∞ –∫ –¥–∞–Ω–Ω—ã–º.
‚òïÔ∏è –ö–∞–∫ –Ω–µ –æ–∫–∞–∑–∞—Ç—å—Å—è –≤ –Ω–µ–ø—Ä–∏—è—Ç–Ω–æ–π —Å–∏—Ç—É–∞—Ü–∏–∏, –∫–æ–≥–¥–∞ –Ω–∞—á–Ω–µ—Ç–µ —Ä–∞–∑–≥–æ–Ω—è—Ç—å —Å–≤–æ–µ –ø—Ä–∏–ª–æ–∂–µ–Ω–∏–µ —Å –ø–æ–º–æ—â—å—é –ø–æ—Ç–æ–∫–æ–≤ –≤ –ª–æ–±.
‚òïÔ∏è–û —Å–µ–º–µ–π—Å—Ç–≤–µ –ø—Ä–æ—Ç–æ–∫–æ–ª–æ–≤ JGROUPS, –∞ —Ç–∞–∫–∂–µ –ø—Ä–æ —É—Å—Ç—Ä–æ–π—Å—Ç–≤–æ –∫–ª–∞—Å—Ç–µ—Ä–∞ Naumen Service Management Platform.


–í—Å—Ç—Ä–µ—á–∞ –ø—Ä–æ–π–¥–µ—Ç –æ–Ω–ª–∞–π–Ω, —Å—Å—ã–ª–∫—É –Ω–∞ —Ç—Ä–∞–Ω—Å–ª—è—Ü–∏—é –æ—Ç–ø—Ä–∞–≤–∏–º –≤ —Ç–µ–ª–µ–≥—Ä–∞–º-–±–æ—Ç–µ –ø–æ—Å–ª–µ —Ä–µ–≥–∏—Å—Ç—Ä–∞—Ü–∏–∏ üòâ

‚Üí –ó–∞—Ä–µ–≥–∏—Å—Ç—Ä–∏—Ä–æ–≤–∞—Ç—å—Å—è",Advertisement
"‚ö°–ü—Ä–æ–π–¥–∏—Ç–µ —Ç–µ—Å—Ç –ø–æ Swift –∏ –ø—Ä–æ–≤–µ—Ä—å—Ç–µ —Å–≤–æ–∏ –∑–Ω–∞–Ω–∏—è.

–û—Ç–≤–µ—Ç—å—Ç–µ –Ω–∞ 20 –≤–æ–ø—Ä–æ—Å–æ–≤ –∏ —É–∑–Ω–∞–π—Ç–µ, –Ω–∞—Å–∫–æ–ª—å–∫–æ –≤—ã –≥–æ—Ç–æ–≤—ã –∫ –æ–±—É—á–µ–Ω–∏—é –Ω–∞ –∫—É—Ä—Å–µ ‚Äî ¬´iOS Developer. Professional¬ª –æ—Ç OTUS. –ö—É—Ä—Å –¥–æ—Å—Ç—É–ø–µ–Ω –≤ —Ä–∞—Å—Å—Ä–æ—á–∫—É!

üëâüèª –ü–†–û–ô–¢–ò –¢–ï–°–¢ ‚Äî https://otus.pw/Bn8N/

‚ùóÔ∏è–ù–∞ –∫—É—Ä—Å–µ –≤—ã –æ—Å–≤–æ–∏—Ç–µ –∫–ª—é—á–µ–≤—ã–µ –æ—Å–æ–±–µ–Ω–Ω–æ—Å—Ç–∏ Swift 5, —Å–º–æ–∂–µ—Ç–µ –æ–ø—Ä–µ–¥–µ–ª—è—Ç—å —Ü–µ–ª–µ—Å–æ–æ–±—Ä–∞–∑–Ω–æ—Å—Ç—å –ø—Ä–∏–º–µ–Ω–µ–Ω–∏—è –ø–∞—Ç—Ç–µ—Ä–Ω–æ–≤ –∏ –ø–æ–≥—Ä—É–∑–∏—Ç–µ—Å—å –≤ –Ω—é–∞–Ω—Å—ã –∏—Å–ø–æ–ª—å–∑–æ–≤–∞–Ω–∏—è Rx.

üéÅ –°–º–æ–∂–µ—Ç–µ –ø—Ä–æ–π—Ç–∏ —É—Å–ø–µ—à–Ω–æ —Ç–µ—Å—Ç ‚Äî –ø–æ–ª—É—á–∏—Ç–µ –¥–æ—Å—Ç—É–ø –∫ 2 –æ—Ç–∫—Ä—ã—Ç—ã–º —É—Ä–æ–∫–∞–º –∫—É—Ä—Å–∞!

–†–µ–∫–ª–∞–º–∞. –ò–Ω—Ñ–æ—Ä–º–∞—Ü–∏—è –æ —Ä–µ–∫–ª–∞–º–æ–¥–∞—Ç–µ–ª–µ –Ω–∞ —Å–∞–π—Ç–µ www.otus.ru",Advertisement
"–°–≤–µ–∂–∏–µ –≤–∞–∫–∞–Ω—Å–∏–∏ –ø–æ–¥—ä–µ—Ö–∞–ª–∏: –ú–æ–π–û—Ñ–∏—Å –ø—Ä–æ–≤–µ–¥–µ—Ç One Day Offer, –≥–¥–µ –±—É–¥—É—Ç –∏—Å–∫–∞—Ç—å –°++ —Ä–∞–∑—Ä–∞–±–æ—Ç—á–∏–∫–æ–≤.

–ö–æ–º–ø–∞–Ω–∏—è –Ω–∞ —Å–ª—É—Ö—É, –ø–æ—ç—Ç–æ–º—É —É–ø—É—Å–∫–∞—Ç—å —à–∞–Ω—Å –ø–æ–ª—É—á–∏—Ç—å –æ—Ñ—Ñ–µ—Ä –∑–∞ –æ–¥–∏–Ω –¥–µ–Ω—å –Ω–µ —Å—Ç–æ–∏—Ç.

–¢—Ä–µ–±–æ–≤–∞–Ω–∏—è –∫ –∫–∞–Ω–¥–∏–¥–∞—Ç–∞–º: –æ–ø—ã—Ç —Ä–∞–±–æ—Ç—ã –æ—Ç 3 –ª–µ—Ç, –∑–Ω–∞–Ω–∏–µ –°++ 11/14, STL, Boost, QT. –£–∑–Ω–∞–ª–∏ —Å–µ–±—è ‚Äî –æ—Å—Ç–∞–≤–ª—è–µ–º –∑–∞—è–≤–∫—É –ø–æ —Å—Å—ã–ª–∫–µ.",Advertisement
"–° 15 –ø–æ 17 –º–∞—è –≤ 19:00 –ø–æ –º–æ—Å–∫–æ–≤—Å–∫–æ–º—É –≤—Ä–µ–º–µ–Ω–∏ –ø—Ä–æ–π–¥—É—Ç –±–µ—Å–ø–ª–∞—Ç–Ω—ã–µ –∑–∞–Ω—è—Ç–∏—è –ø–æ UX/UI-–¥–∏–∑–∞–π–Ω—É.
–í—ã –Ω–∞—É—á–∏—Ç–µ—Å—å —Å–æ–∑–¥–∞–≤–∞—Ç—å —É–¥–æ–±–Ω—ã–µ —Å–∞–π—Ç—ã –∏ –º–æ–±–∏–ª—å–Ω—ã–µ –ø—Ä–∏–ª–æ–∂–µ–Ω–∏—è. –û—Ç—Ä–∏—Å—É–µ—Ç–µ –Ω–µ—Å–∫–æ–ª—å–∫–æ —ç–∫—Ä–∞–Ω–æ–≤ –≤ Figma, –∫–æ—Ç–æ—Ä—ã–µ –≤—ã–≥–æ–¥–Ω–æ –¥–æ–ø–æ–ª–Ω—è—Ç –ø–æ—Ä—Ç—Ñ–æ–ª–∏–æ –∏ —Å—Ç–∞–Ω—É—Ç –≤–µ—Å–æ–º—ã–º –∞—Ä–≥—É–º–µ–Ω—Ç–æ–º –Ω–∞ —Å–æ–±–µ—Å–µ–¥–æ–≤–∞–Ω–∏–∏.

–†–µ–≥–∏—Å—Ç—Ä–∏—Ä—É–π—Ç–µ—Å—å –ø–æ —Å—Å—ã–ª–∫–µ: https://epic.st/iKUec

‚Äî –í—ã –ø–æ—Ä–∞–±–æ—Ç–∞–µ—Ç–µ –≤ —Ä–µ–¥–∞–∫—Ç–æ—Ä–µ Figma –∏ –≤—ã–ø–æ–ª–Ω–∏—Ç–µ –ø—Ä–∞–∫—Ç–∏—á–µ—Å–∫–æ–µ –∑–∞–¥–∞–Ω–∏–µ.
‚Äî –ü–æ–π–º—ë—Ç–µ, –∫–∞–∫ —Ä–µ—à–∞—Ç—å –∑–∞–¥–∞—á–∏ –∫–ª–∏–µ–Ω—Ç–æ–≤ —Å –ø–æ–º–æ—â—å—é –¥–∏–∑–∞–π–Ω–∞. 
‚Äî –ü–æ–≤—ã—Å–∏—Ç–µ –∫–∞—á–µ—Å—Ç–≤–æ —Å–≤–æ–∏—Ö —Ä–∞–±–æ—Ç –∏ —Å–º–æ–∂–µ—Ç–µ –±—Ä–∞—Ç—å –±–æ–ª–µ–µ —Å–ª–æ–∂–Ω—ã–µ –ø—Ä–æ–µ–∫—Ç—ã.
‚Äî –î–æ–ø–æ–ª–Ω–∏—Ç–µ –ø–æ—Ä—Ç—Ñ–æ–ª–∏–æ digital-–∫–µ–π—Å–æ–º.

–°–ø–∏–∫–µ—Ä–æ–º –±—É–¥–µ—Ç –î–º–∏—Ç—Ä–∏–π –ú–∞—Ç–≤–µ–µ–≤ ‚Äî –∞—Ä—Ç-–¥–∏—Ä–µ–∫—Ç–æ—Ä Wildberries. 15 –ª–µ—Ç –≤ –¥–∏–∑–∞–π–Ω–µ. –†—É–∫–æ–≤–æ–¥–∏—Ç —Ç–≤–æ—Ä—á–µ—Å–∫–æ–π –∫–æ–º–∞–Ω–¥–æ–π –∏–∑ 12 –¥–∏–∑–∞–π–Ω–µ—Ä–æ–≤. –í–µ–¥—ë—Ç –≤–µ–±–∏–Ω–∞—Ä—ã –∏ –æ–±—Ä–∞–∑–æ–≤–∞—Ç–µ–ª—å–Ω—ã–µ –∫—É—Ä—Å—ã –ø–æ –¥–∏–∑–∞–π–Ω—É.

üéÅ –í—Å–µ, –∫—Ç–æ –∑–∞—Ä–µ–≥–∏—Å—Ç—Ä–∏—Ä—É–µ—Ç—Å—è, –ø–æ–ª—É—á–∞—Ç –≤ –ø–æ–¥–∞—Ä–æ–∫ —á–µ–∫-–ª–∏—Å—Ç –ø–æ –ø–æ–¥–≥–æ—Ç–æ–≤–∫–µ –∫ —Å–æ–±–µ—Å–µ–¥–æ–≤–∞–Ω–∏—é –Ω–∞ –ø–æ–∑–∏—Ü–∏—é UX-–¥–∏–∑–∞–π–Ω–µ—Ä–∞. –£—á–∞—Å—Ç–Ω–∏–∫–∞–º, –∫–æ—Ç–æ—Ä—ã–µ –±—É–¥—É—Ç –æ–Ω–ª–∞–π–Ω –≤–æ –≤—Ä–µ–º—è –∏–Ω—Ç–µ–Ω—Å–∏–≤–∞, –ø–æ–¥–∞—Ä–∏–º —Å–µ—Ä—Ç–∏—Ñ–∏–∫–∞—Ç—ã –Ω–∞ —Å–∫–∏–¥–∫—É 10 000 —Ä—É–±–ª–µ–π –Ω–∞ –ª—é–±–æ–π –∫—É—Ä—Å Skillbox –∏ –≤–æ—Ä–∫–±—É–∫ –ø–æ Figma c –ø–æ–ª–µ–∑–Ω—ã–º —Ä—É–∫–æ–≤–æ–¥—Å—Ç–≤–æ–º –¥–ª—è –Ω–∞—á–∏–Ω–∞—é—â–∏—Ö. –ê –≤—Å–µ–º, –∫—Ç–æ –¥–æ–π–¥—ë—Ç –¥–æ –∫–æ–Ω—Ü–∞, ‚Äî —ç–ª–µ–∫—Ç—Ä–æ–Ω–Ω—É—é –∫–Ω–∏–≥—É –ö—ç–ª–∞ –ù—å—é–ø–æ—Ä—Ç–∞ ¬´–¶–∏—Ñ—Ä–æ–≤–æ–π –º–∏–Ω–∏–º–∞–ª–∏–∑–º. –§–æ–∫—É—Å –∏ –æ—Å–æ–∑–Ω–∞–Ω–Ω–æ—Å—Ç—å –≤ —à—É–º–Ω–æ–º –º–∏—Ä–µ¬ª –∏–∑–¥–∞—Ç–µ–ª—å—Å—Ç–≤–∞ –ú–ò–§.

–ñ–¥—ë–º –≤–∞—Å –≤ –ø—Ä—è–º–æ–º —ç—Ñ–∏—Ä–µ!",Advertisement
